DROP TABLE IF EXISTS `aqua_ak_profiles`;
CREATE TABLE `aqua_ak_profiles` (   `id` int(10) unsigned NOT NULL AUTO_INCREMENT,   `description` varchar(255) NOT NULL,   `configuration` longtext,   `filters` longtext,   PRIMARY KEY (`id`) ) ENGINE=MyISAM AUTO_INCREMENT=4 DEFAULT CHARSET=utf8;
INSERT INTO `aqua_ak_profiles` VALUES ('1', 'Default Backup Profile', '###AES128###uP3ZXgRrxrGO51WQJVX3p+6JlbBxCuaVXBpCFqndfvGiosEakt/CN13WPE+upZ4tPQNdnF10+xEroOr2gElIAF8e2A5Zkd/vfSGhoed97qDld/GivVZeVj4UGQdmU6eMDRRMtUNfJ1MBUh/1Cy3LVl15OEf/VIGcdv9ePavx866NLinFj5rxPEnuNy97+JpF/c7g+yoERgSEvbtqR8bhbED+3AHiqgjnZSRadvlVFWW32v6vroXLsydVRANY29K/J/NzntgnXHCy8YGHjf0IcIwQ8DeoXUde4estSI0L3hTxo78y8DLinkchOQNHeJKYUMQrldRmyltOb8uqtBgfquMX6zs1opHMrfL7mGh7cK3iMoh3J9HPwG8/5vMsg6XspE0wRI8lxnwdUkdI1gQzVnM3xyE0AQfcGm3nvIXXjfw7PlEmLlLmRjpx0qV+pPj9of2iWY7GrdKEEd6punArINHE+Bxvxh9ZixFrLiU433eJxbEoldUtD9RU2FhbjJak3FHVN/en3YO8iuEPj75/OSg/e2GySf5iRxMt0e6XuTOiKXCG6UfVtpM5AKIExitNejAOsz9v7ie7FPFEY3vFW/yG29FxtDkGRG6xJTvc8jAtb5hwJSAfo0H/njz65cGWNJbJnVGLoPKLeBh0sH6OS01CP0iMDeHoVdJyJ6v6zw0B+hBC279gfVdt9RPRxrv4ydDlfxZ38Xcz9TkRptcbiMe/LCqL6Me2I1fYGc2Sulg4Zeo51vkfnSLR3UfFh5/vS5+B7eUOwHeVXGvO7ubhXnxokAaKg3BbgU1riJJGeqPD765I4NKexArUMPvjgWwml8znbgNMZYlZqbiQGgo8yIE27zfrmyYTahJCYTgRv7djS8hfxGOpfZjEGg6IZR5MIaoVswJQoTi93xBOxFRz/FFhCNeqbBjTTnBvn4woB5MUZFvoUv0ypS5qeQBdAF4zV+zg4KnKt+MFiTcidNEMBmLtRoNVTMDGVmGq2BfKyFn2NaLP5aOwl8IJj8S5Dd2GmaeVoTdPrRLCodMvxkDBHlVsRmCIJ9UfoD8AJbbasmt0YbVyDstXbEUwUqyJrvhJfwARmgT89gO9JbfcO9p2Ist77S+Sg0Wk1j7ghzE5ltJ4yJ+U7WZH9FEwVh8jD4atICMCjj0NML8haCw4L0USh9Osd2YGkXRw8LJ7EFd2ijle7UwM37Fu9JmUyQ+udg9Pj6FO0T/RFQtrrIszqTwdR2TTPpKo/aN0Vtbi85TN8JodWxos+IOhDp92Qsqv/DLNpG0yyc92UR+Un9L2ihDeP/+Tc8O48Z8BMfBNBDJFZi9W+iQe5RjkQ0h/94cTHSjgsLKMQQq+IVPVMX2GXzSz1yKhrD4XVrpyqqPf2aJlyJbHTzf1VlUAMMTVJR0urK9k/0omKcJ86TbMm3Ry2LvfTUiE4KQqt0OEmCq++Jdpctb0+qiUSgDtWkVBTKLWmPR1A/27+kPubxSSxI/zyyKiTPjLoLSuRUFTQR/p18yj0MxQ3bmxhuZAVQFGUd0+SrHn3T/WEcOtp1eEEERoo4675wUb6N5KeB1U1Vlrv1PFKzZmjkG8QDYQAHF2HajrvZYUJlobL1u2Gt1vHkTG6Rk3vH3pIP4eFbEGcbaWi0gB+GctVlS3eubLG0GcV9H33BluCysj1PBCcqmOVkWwYA58SnC0DpFNhzx8OTuAzp3SiFr2Q2rmOAsqZg8KHWX4/mBTbWFvoGmqMAZdCASxh3TydZ2OgZsrYuidrX2V6zFVnKM02+Js9z7A8fr7NVv2wnQanTtaGcZz/aeRygSyO5uHf364eQwCdO6K7Usp/9Cwta+qdXvSDVpf9z605kmQn4+XKHTo/lOJrqs8SYQKvEIwJ3VKS71qIynLLJwqt5EAHrrjCtmk2Udrcph4OUmAPRlFcInlozdxcXWcMT6db4SoXRZVLTiJqCO3pEo1hZPypVJR+J4Jllsjwu0DDg2b4laKHuY1jsIoVTG89fLJTpBDQiJ+aNOyL4NVh0+cqMvy6MzkBQAA', 'a:6:{s:5:\"files\";a:1:{s:10:\"[SITEROOT]\";a:1:{i:0;s:45:\"diaporamar/themes/twentyten/images/banner.swf\";}}s:8:\"skipdirs\";a:1:{s:10:\"[SITEROOT]\";a:2:{i:0;s:4:\".git\";i:1;s:9:\"templates\";}}s:9:\"skipfiles\";a:1:{s:10:\"[SITEROOT]\";a:2:{i:0;s:4:\".git\";i:1;s:9:\"templates\";}}s:11:\"directories\";a:1:{s:10:\"[SITEROOT]\";a:2:{i:0;s:4:\".git\";i:1;s:9:\"templates\";}}s:9:\"tabledata\";a:0:{}s:6:\"tables\";a:0:{}}'), ('2', 'Site complet', '###AES128###uP3ZXgRrxrGO51WQJVX3p+6JlbBxCuaVXBpCFqndfvGiosEakt/CN13WPE+upZ4tPQNdnF10+xEroOr2gElIAF8e2A5Zkd/vfSGhoed97qDld/GivVZeVj4UGQdmU6eMDRRMtUNfJ1MBUh/1Cy3LVl15OEf/VIGcdv9ePavx866NLinFj5rxPEnuNy97+JpF/c7g+yoERgSEvbtqR8bhbED+3AHiqgjnZSRadvlVFWW32v6vroXLsydVRANY29K/J/NzntgnXHCy8YGHjf0IcIwQ8DeoXUde4estSI0L3hTxo78y8DLinkchOQNHeJKYUMQrldRmyltOb8uqtBgfquMX6zs1opHMrfL7mGh7cK3iMoh3J9HPwG8/5vMsg6XspE0wRI8lxnwdUkdI1gQzVnM3xyE0AQfcGm3nvIXXjfw7PlEmLlLmRjpx0qV+pPj9of2iWY7GrdKEEd6punArINHE+Bxvxh9ZixFrLiU433eJxbEoldUtD9RU2FhbjJak3FHVN/en3YO8iuEPj75/OSg/e2GySf5iRxMt0e6XuTOiKXCG6UfVtpM5AKIExitNejAOsz9v7ie7FPFEY3vFW/yG29FxtDkGRG6xJTvc8jAtb5hwJSAfo0H/njz65cGWNJbJnVGLoPKLeBh0sH6OS01CP0iMDeHoVdJyJ6v6zw0B+hBC279gfVdt9RPRxrv4ydDlfxZ38Xcz9TkRptcbiMe/LCqL6Me2I1fYGc2Sulg4Zeo51vkfnSLR3UfFh5/vS5+B7eUOwHeVXGvO7ubhXnxokAaKg3BbgU1riJJGeqPD765I4NKexArUMPvjgWwml8znbgNMZYlZqbiQGgo8yIE27zfrmyYTahJCYTgRv7djS8hfxGOpfZjEGg6IZR5MIaoVswJQoTi93xBOxFRz/FFhCNeqbBjTTnBvn4woB5MUZFvoUv0ypS5qeQBdAF4zV+zg4KnKt+MFiTcidNEMBmLtRoNVTMDGVmGq2BfKyFn2NaLP5aOwl8IJj8S5Dd2GmaeVoTdPrRLCodMvxkDBHlVsRmCIJ9UfoD8AJbbasmt0YbVyDstXbEUwUqyJrvhJfwARmgT89gO9JbfcO9p2Ist77S+Sg0Wk1j7ghzE5ltJ4yJ+U7WZH9FEwVh8jD4atICMCjj0NML8haCw4L0USh9Osd2YGkXRw8LJ7EFd2ijle7UwM37Fu9JmUyQ+udg9Pj6FO0T/RFQtrrIszqTwdR2TTPpKo/aN0Vtbi85TN8JodWxos+IOhDp92Qsqv/DLNpG0yyc92UR+Un9L2ihDeP/+Tc8O48Z8BMfBNBDJFZi9W+iQe5RjkQ0h/94cTHSjgsLKMQQq+IVPVMX2GXzSz1yKhrD4XVrpyqqPf2aJlyJbHTzf1VlUAMMTVJR0urK9k/0omKcJ86TbMm3Ry2LvfTUiE4KQqt0OEmCq++Jdpctb0+qiUSgDtWkVBTKLWmPR1A/27+kPubxSSxI/zyyKiTPjLoLSuRUFTQR/p18yj0MxQ3bmxhuZAVQFGUd0+SrHn3T/WEcOtp1eEEERoo4675wUb6N5KeB1U1Vlrv1PFKzZmjkG8QDYQAHF2HajrvZYUJlobL1u2Gt1vHkTG6Rk3vH3pIP4eFbEGcbaWi0gB+GctVlS3eubLG0GcV9H33BluCysj1PBCcqmOVkWwYA58SnC0DpFNhzx8OTuAzp3SiFr2Q2rmOAsqZg8KHWX4/mBTbWFvoGmqMAZdCASxh3TydZ2OgZsrYuidrX2V6zFVnKM02+Js9z7A8fr7NVv2wnQanTtaGcZz/aeRygSyO5uHf364eQwCdO6K7Usp/9Cwta+qdXvSDVpf9z605kmQn4+XKHTo/lOJrqs8SYQKvEIwJ3VKS71qIynLLJwqt5EAHrrjCtmk2Udrcph4OUmAPRlFcInlozdxcXWcMT6db4SoXRZVLTiJqCO3pEo1hZPypVJR+J4Jllsjwu0DDg2b4laKHuY1jsIoVTG89fLJTpBDQiJ+aNOyL4NVh0+cqMvy6MzkBQAA', 'a:4:{s:5:\"files\";a:1:{s:10:\"[SITEROOT]\";a:2:{i:0;s:45:\"diaporamar/themes/twentyten/images/banner.swf\";i:1;s:33:\"diaporamar/include/config.inc.php\";}}s:11:\"directories\";a:1:{s:10:\"[SITEROOT]\";a:5:{i:0;s:4:\".git\";i:1;s:14:\"templates/aqua\";i:2;s:16:\"templates/atomic\";i:3;s:15:\"templates/beez5\";i:4;s:17:\"templates/beez_20\";}}s:8:\"skipdirs\";a:1:{s:10:\"[SITEROOT]\";a:5:{i:0;s:4:\".git\";i:1;s:14:\"templates/aqua\";i:2;s:16:\"templates/atomic\";i:3;s:15:\"templates/beez5\";i:4;s:17:\"templates/beez_20\";}}s:9:\"skipfiles\";a:1:{s:10:\"[SITEROOT]\";a:5:{i:0;s:4:\".git\";i:1;s:14:\"templates/aqua\";i:2;s:16:\"templates/atomic\";i:3;s:15:\"templates/beez5\";i:4;s:17:\"templates/beez_20\";}}}'), ('3', 'Contenu', '###AES128###uP3ZXgRrxrGO51WQJVX3p+6JlbBxCuaVXBpCFqndfvGiosEakt/CN13WPE+upZ4tPQNdnF10+xEroOr2gElIAF8e2A5Zkd/vfSGhoed97qDld/GivVZeVj4UGQdmU6eMDRRMtUNfJ1MBUh/1Cy3LVl15OEf/VIGcdv9ePavx866NLinFj5rxPEnuNy97+JpF/c7g+yoERgSEvbtqR8bhbED+3AHiqgjnZSRadvlVFWW32v6vroXLsydVRANY29K/J/NzntgnXHCy8YGHjf0IcCl4UA/9LWtqiU/W99936S6JAHIjxDaiVNW7N3hSRexMGOenLHRGrYWnfHmjie9XWMSE6Z7evkbnzGSkJSDCQDuQyPNnUElTmlenl+RP0tVfwqGrTSwsZPa9SyOK7pUf1DvWfEkrvBaGkiu+mzy8GwDHsh0GLLNxmKfrXpV+Azvh5ldmoBZ2p1ak6qa2MEGv2zlC6ZKXegYhd+uxQa5J9moJ28+hOMhyl8PAKPAlebBUokCUpQ4ztOu8+rG7bqHpDgN+5qXWhFXlrP8sOtTI7Ann0X6Cm8PYwstg984LG3WqFqtb3vb67lwOQRGf20y+o67oYI5LkMNHUocW1ha9icEke6SpDk2mmqr0AD+59Cfi9Ulh4jFtQxjrxOTlcv92W29iARn+5hxGPNQf8kl+QS+L7ai0aZSXgV63K5yBi7LPEPYx8Mhc/5/+a9aS+rHoAFFqluo0TlQ5iKem3kXr5I36j3MxO18OWFrGEs2A/+3F5TeC+k64gG8UIVgXrOkA/M7DnMQOk4NVJK71BB8v20y92cQnN6yOqYuslFRHM4p5DIk0udwHuk8SyEvG8D+ckmw40v/VgC2oHqfb7YMRO6xVPRTAsMYpDZniaai7YtnxwCnfuxd0a0HDED4XJowmECx8jZrVOqU4rV4qvaG9IRRcBry8YBBH4L7mF0RNbLlv4DQGq0oCUc2YfRLfKKBYNgO8/deZWcreJQds8+EF8othrwwEk8og9t7IZ3Qbnf1UAwNTHgWoJwJrwrios4CbeQpBsfCDWQhTH5Ttfep+lPD4kcYRu+Bctj6BycCILnN/gb14M+kfQXWhnpGecuungGcG131QBNOCr+j4EcbkVJ9K3suz8/hAdm5CNKm6dBazmlW17JIOal2ReVIEopB3r9yhPIujmv13Q6JrtLIw/rX0+aoqMZojKWWGvd36vDYJKDmDZyvxtz2GFDX+CN9bMtE/3oF/Jq5jFOonqfrd6vP6x5xANCLhgPI7PDLysfKl/Hwnla8Mi4uSGoOsE1RlGpb6X7okvk6jgHHiDDoljQzo/xN/1IrURkPC+GKRomaaL+daySvJZ3OzifamLGrmvubNkrVT6atgqd9vBYgx9+XdHwYynAe8i4XCvF1LPgjHQMfW5xZK8Htzf9ucMvpRN+WC4BELwAvcW1x/3illoD/1BcNam3LAnLNqoR1YbBJVEPsl7J6ntMQVoYLvHZhN/YYQ7e6zbIFb/bQw9Avr6qKFv+cIJxdMTsxG0pI7MKsd4vdmhTWDVW2Diriw8UCrvN7iuyqstie03J0BJrIbCQlAO3gDJjtawYCzsHdFdLLNoYH7IbGyby+OG/+z3y288K2PgIGIqje+TvmqqqOBDIXIDqW21KGyDm+DGs1MAPoeymFoXv3kzmjmPQejB/Cv4I9sqTuNPr0fHdLL818cP0Bh7EopGZTYdKSsg0fnli+tYEylColDFSvH77r0ghKb2neBNK5sflm+BYHYUFx/mf9BWfiiTUXjQj6dnX918BadBjIGTAq0fti2jvGctBf1tZOX8r9MiXLlOiA3JmIksxOXeFBEyWodlF+L5iPlCbF1DLrzUKTyX5/fsZ/uBqafKHFGaknjUrzlMNUVa61OcI2elyiP5vWQv82ZstAG3jBweFJdF2UjSU7hzjcX0Hz+kChoUqGeA1CPHhEuvfws184hHnGwqEtFAA886WzICj824eZ1OW+yzfctB4tc9lVmsRJjZj+41YiuvRw8NcRPgaPmBQAA', 'a:1:{s:5:\"files\";a:1:{s:10:\"[SITEROOT]\";a:2:{i:2;s:32:\"templates/aqua/images/banner.swf\";i:3;s:45:\"diaporamar/themes/twentyten/images/banner.swf\";}}}');
DROP TABLE IF EXISTS `aqua_ak_stats`;
CREATE TABLE `aqua_ak_stats` (   `id` bigint(20) unsigned NOT NULL AUTO_INCREMENT,   `description` varchar(255) NOT NULL,   `comment` longtext,   `backupstart` timestamp NOT NULL DEFAULT '0000-00-00 00:00:00',   `backupend` timestamp NOT NULL DEFAULT '0000-00-00 00:00:00',   `status` enum('run','fail','complete') NOT NULL DEFAULT 'run',   `origin` varchar(30) NOT NULL DEFAULT 'backend',   `type` varchar(30) NOT NULL DEFAULT 'full',   `profile_id` bigint(20) NOT NULL DEFAULT '1',   `archivename` longtext,   `absolute_path` longtext,   `multipart` int(11) NOT NULL DEFAULT '0',   `tag` varchar(255) DEFAULT NULL,   `filesexist` tinyint(3) NOT NULL DEFAULT '1',   `remote_filename` varchar(1000) DEFAULT NULL,   `total_size` bigint(20) NOT NULL DEFAULT '0',   PRIMARY KEY (`id`),   KEY `idx_fullstatus` (`filesexist`,`status`),   KEY `idx_stale` (`status`,`origin`) ) ENGINE=MyISAM AUTO_INCREMENT=43 DEFAULT CHARSET=utf8;
INSERT INTO `aqua_ak_stats` VALUES ('34', 'Backup taken on mardi 6 novembre 2012 12:51', '', '2012-11-06 11:51:05', '0000-00-00 00:00:00', 'complete', 'backend', 'full', '2', 'site-localhost-20121106-125105.jpa', '/Users/chenapan/Projets/www/aquanautes/administrator/components/com_akeeba/backup/site-localhost-20121106-125105.jpa', '0', 'backend', '0', NULL, '0'), ('35', 'Backup taken on mardi 6 novembre 2012 19:21', '', '2012-11-06 18:22:02', '2012-11-06 18:22:08', 'complete', 'backend', 'dbonly', '3', 'site-localhost-20121106-192202.sql', 'C:/wamp/www/aquanautes/administrator/components/com_akeeba/backup/site-localhost-20121106-192202.sql', '0', 'backend', '0', NULL, '289646'), ('36', 'Backup taken on vendredi 9 novembre 2012 18:47', '', '2012-11-09 17:47:14', '0000-00-00 00:00:00', 'complete', 'backend', 'dbonly', '3', 'site-localhost-20121109-184714.sql', 'C:/wamp/www/aquanautes/administrator/components/com_akeeba/backup/site-localhost-20121109-184714.sql', '0', 'backend', '0', NULL, '0'), ('37', 'Backup taken on dimanche 11 novembre 2012 12:29', '', '2012-11-11 11:29:15', '0000-00-00 00:00:00', 'complete', 'backend', 'dbonly', '3', 'site-www.aquanautes.webuda.com-20121111-122915.sql', '/home/a9212498/public_html/administrator/components/com_akeeba/backup/site-www.aquanautes.webuda.com-20121111-122915.sql', '0', 'backend', '0', NULL, '0'), ('38', 'Backup taken on lundi 12 novembre 2012 14:05', '', '2012-11-12 13:05:27', '2012-11-12 13:05:43', 'complete', 'backend', 'full', '2', 'site-localhost-20121112-140527.jpa', '/Users/chenapan/Projets/www/aquanautes/administrator/components/com_akeeba/backup/site-localhost-20121112-140527.jpa', '0', 'backend', '1', NULL, '34635720'), ('39', 'Backup taken on mardi 13 novembre 2012 10:02', '', '2012-11-13 09:02:29', '2012-11-13 09:02:33', 'complete', 'backend', 'dbonly', '3', 'site-localhost-20121113-100229.sql', '/Users/chenapan/Projets/www/aquanautes/administrator/components/com_akeeba/backup/site-localhost-20121113-100229.sql', '0', 'backend', '1', NULL, '299010'), ('40', 'Backup taken on mardi 13 novembre 2012 10:10', '', '2012-11-13 09:10:24', '0000-00-00 00:00:00', 'complete', 'backend', 'dbonly', '3', 'site-localhost-20121113-101024.sql', '/Users/chenapan/Projets/www/aquanautes/administrator/components/com_akeeba/backup/site-localhost-20121113-101024.sql', '0', 'backend', '1', NULL, '0'), ('41', 'Backup taken on jeudi 15 novembre 2012 16:05', '', '2012-11-15 15:05:22', '0000-00-00 00:00:00', 'complete', 'backend', 'full', '2', 'site-localhost-20121115-160522.jpa', 'C:/wamp/www/aquanautes/administrator/components/com_akeeba/backup/site-localhost-20121115-160522.jpa', '0', 'backend', '1', NULL, '0'), ('42', 'Backup taken on vendredi 16 novembre 2012 12:02', '', '2012-11-16 11:02:29', '0000-00-00 00:00:00', 'complete', 'backend', 'dbonly', '3', 'site-localhost-20121116-120229.sql', '/Users/chenapan/Projets/www/aquanautes/administrator/components/com_akeeba/backup/site-localhost-20121116-120229.sql', '0', 'backend', '1', NULL, '0');
DROP TABLE IF EXISTS `aqua_ak_storage`;
CREATE TABLE `aqua_ak_storage` (   `tag` varchar(255) NOT NULL,   `lastupdate` timestamp NOT NULL DEFAULT CURRENT_TIMESTAMP ON UPDATE CURRENT_TIMESTAMP,   `data` longtext,   PRIMARY KEY (`tag`) ) ENGINE=MyISAM DEFAULT CHARSET=utf8;
DROP TABLE IF EXISTS `aqua_assets`;
CREATE TABLE `aqua_assets` (   `id` int(10) unsigned NOT NULL AUTO_INCREMENT COMMENT 'Primary Key',   `parent_id` int(11) NOT NULL DEFAULT '0' COMMENT 'Nested set parent.',   `lft` int(11) NOT NULL DEFAULT '0' COMMENT 'Nested set lft.',   `rgt` int(11) NOT NULL DEFAULT '0' COMMENT 'Nested set rgt.',   `level` int(10) unsigned NOT NULL COMMENT 'The cached level in the nested tree.',   `name` varchar(50) NOT NULL COMMENT 'The unique name for the asset.\n',   `title` varchar(100) NOT NULL COMMENT 'The descriptive title for the asset.',   `rules` varchar(5120) NOT NULL COMMENT 'JSON encoded access control.',   PRIMARY KEY (`id`),   UNIQUE KEY `idx_asset_name` (`name`),   KEY `idx_lft_rgt` (`lft`,`rgt`),   KEY `idx_parent_id` (`parent_id`) ) ENGINE=MyISAM AUTO_INCREMENT=84 DEFAULT CHARSET=utf8;
INSERT INTO `aqua_assets` VALUES ('1', '0', '1', '165', '0', 'root.1', 'Root Asset', '{\"core.login.site\":{\"6\":1,\"2\":1},\"core.login.admin\":{\"6\":1},\"core.login.offline\":{\"6\":1},\"core.admin\":{\"8\":1},\"core.manage\":{\"7\":1},\"core.create\":{\"6\":1,\"3\":1},\"core.delete\":{\"6\":1},\"core.edit\":{\"6\":1,\"4\":1},\"core.edit.state\":{\"6\":1,\"5\":1},\"core.edit.own\":{\"6\":1,\"3\":1}}'), ('2', '1', '1', '2', '1', 'com_admin', 'com_admin', '{}'), ('3', '1', '3', '6', '1', 'com_banners', 'com_banners', '{\"core.admin\":{\"7\":1},\"core.manage\":{\"6\":1},\"core.create\":[],\"core.delete\":[],\"core.edit\":[],\"core.edit.state\":[]}'), ('4', '1', '7', '8', '1', 'com_cache', 'com_cache', '{\"core.admin\":{\"7\":1},\"core.manage\":{\"7\":1}}'), ('5', '1', '9', '10', '1', 'com_checkin', 'com_checkin', '{\"core.admin\":{\"7\":1},\"core.manage\":{\"7\":1}}'), ('6', '1', '11', '12', '1', 'com_config', 'com_config', '{}'), ('7', '1', '13', '20', '1', 'com_contact', 'com_contact', '{\"core.admin\":{\"7\":1},\"core.manage\":{\"6\":1},\"core.create\":[],\"core.delete\":[],\"core.edit\":[],\"core.edit.state\":[],\"core.edit.own\":[]}'), ('8', '1', '21', '114', '1', 'com_content', 'com_content', '{\"core.admin\":{\"7\":1},\"core.manage\":{\"6\":1},\"core.create\":{\"3\":1},\"core.delete\":[],\"core.edit\":{\"4\":1},\"core.edit.state\":{\"5\":1},\"core.edit.own\":[]}'), ('9', '1', '115', '116', '1', 'com_cpanel', 'com_cpanel', '{}'), ('10', '1', '117', '118', '1', 'com_installer', 'com_installer', '{\"core.admin\":[],\"core.manage\":{\"7\":0},\"core.delete\":{\"7\":0},\"core.edit.state\":{\"7\":0}}'), ('11', '1', '119', '120', '1', 'com_languages', 'com_languages', '{\"core.admin\":{\"7\":1},\"core.manage\":[],\"core.create\":[],\"core.delete\":[],\"core.edit\":[],\"core.edit.state\":[]}'), ('12', '1', '121', '122', '1', 'com_login', 'com_login', '{}'), ('13', '1', '123', '124', '1', 'com_mailto', 'com_mailto', '{}'), ('14', '1', '125', '126', '1', 'com_massmail', 'com_massmail', '{}'), ('15', '1', '127', '128', '1', 'com_media', 'com_media', '{\"core.admin\":{\"7\":1},\"core.manage\":{\"6\":1},\"core.create\":{\"3\":1},\"core.delete\":{\"5\":1}}'), ('16', '1', '129', '130', '1', 'com_menus', 'com_menus', '{\"core.admin\":{\"7\":1},\"core.manage\":[],\"core.create\":[],\"core.delete\":[],\"core.edit\":[],\"core.edit.state\":[]}'), ('17', '1', '131', '132', '1', 'com_messages', 'com_messages', '{\"core.admin\":{\"7\":1},\"core.manage\":{\"7\":1}}'), ('18', '1', '133', '134', '1', 'com_modules', 'com_modules', '{\"core.admin\":{\"7\":1},\"core.manage\":[],\"core.create\":[],\"core.delete\":[],\"core.edit\":[],\"core.edit.state\":[]}'), ('19', '1', '135', '138', '1', 'com_newsfeeds', 'com_newsfeeds', '{\"core.admin\":{\"7\":1},\"core.manage\":{\"6\":1},\"core.create\":[],\"core.delete\":[],\"core.edit\":[],\"core.edit.state\":[],\"core.edit.own\":[]}'), ('20', '1', '139', '140', '1', 'com_plugins', 'com_plugins', '{\"core.admin\":{\"7\":1},\"core.manage\":[],\"core.edit\":[],\"core.edit.state\":[]}'), ('21', '1', '141', '142', '1', 'com_redirect', 'com_redirect', '{\"core.admin\":{\"7\":1},\"core.manage\":[]}'), ('22', '1', '143', '144', '1', 'com_search', 'com_search', '{\"core.admin\":{\"7\":1},\"core.manage\":{\"6\":1}}'), ('23', '1', '145', '146', '1', 'com_templates', 'com_templates', '{\"core.admin\":{\"7\":1},\"core.manage\":[],\"core.create\":[],\"core.delete\":[],\"core.edit\":[],\"core.edit.state\":[]}'), ('24', '1', '147', '150', '1', 'com_users', 'com_users', '{\"core.admin\":{\"7\":1},\"core.manage\":[],\"core.create\":[],\"core.delete\":[],\"core.edit\":[],\"core.edit.state\":[]}'), ('25', '1', '151', '154', '1', 'com_weblinks', 'com_weblinks', '{\"core.admin\":{\"7\":1},\"core.manage\":{\"6\":1},\"core.create\":{\"3\":1},\"core.delete\":[],\"core.edit\":{\"4\":1},\"core.edit.state\":{\"5\":1},\"core.edit.own\":[]}'), ('26', '1', '155', '156', '1', 'com_wrapper', 'com_wrapper', '{}'), ('27', '8', '22', '25', '2', 'com_content.category.2', 'Non catégorisé', '{\"core.create\":[],\"core.delete\":[],\"core.edit\":[],\"core.edit.state\":[],\"core.edit.own\":[]}'), ('28', '3', '4', '5', '2', 'com_banners.category.3', 'Non catégorisé', '{\"core.create\":[],\"core.delete\":[],\"core.edit\":[],\"core.edit.state\":[]}'), ('29', '7', '14', '15', '2', 'com_contact.category.4', 'Non catégorisé', '{\"core.create\":[],\"core.delete\":[],\"core.edit\":[],\"core.edit.state\":[],\"core.edit.own\":[]}'), ('30', '19', '136', '137', '2', 'com_newsfeeds.category.5', 'Non catégorisé', '{\"core.create\":[],\"core.delete\":[],\"core.edit\":[],\"core.edit.state\":[],\"core.edit.own\":[]}'), ('31', '25', '152', '153', '2', 'com_weblinks.category.6', 'Non catégorisé', '{\"core.create\":[],\"core.delete\":[],\"core.edit\":[],\"core.edit.state\":[],\"core.edit.own\":[]}'), ('32', '24', '148', '149', '1', 'com_users.notes.category.7', 'Non catégorisé', '{\"core.create\":[],\"core.delete\":[],\"core.edit\":[],\"core.edit.state\":[]}'), ('33', '1', '157', '158', '1', 'com_finder', 'com_finder', '{\"core.admin\":{\"7\":1},\"core.manage\":{\"6\":1}}'), ('34', '1', '159', '160', '1', 'com_joomlaupdate', 'com_joomlaupdate', '{\"core.admin\":[],\"core.manage\":[],\"core.delete\":[],\"core.edit.state\":[]}'), ('35', '1', '161', '162', '1', 'com_akeeba', 'akeeba', '{}'), ('36', '38', '101', '102', '3', 'com_content.article.1', 'Bienvenue sur le site des Aquanautes !', '{\"core.delete\":[],\"core.edit\":[],\"core.edit.state\":[]}'), ('37', '1', '163', '164', '1', 'com_coppermine', 'coppermine', '{}'), ('38', '8', '26', '113', '2', 'com_content.category.8', 'Aquanautes', '{\"core.create\":[],\"core.delete\":[],\"core.edit\":[],\"core.edit.state\":[],\"core.edit.own\":[]}'), ('39', '7', '16', '19', '2', 'com_contact.category.9', 'Aquanautes', '{\"core.create\":[],\"core.delete\":[],\"core.edit\":[],\"core.edit.state\":[],\"core.edit.own\":[]}'), ('40', '39', '17', '18', '3', 'com_contact.category.10', 'Membres', '{\"core.create\":[],\"core.delete\":[],\"core.edit\":[],\"core.edit.state\":[],\"core.edit.own\":[]}'), ('41', '60', '42', '67', '4', 'com_content.category.11', 'Membres Fondateurs', '{\"core.create\":[],\"core.delete\":[],\"core.edit\":[],\"core.edit.state\":[],\"core.edit.own\":[]}'), ('42', '41', '43', '44', '5', 'com_content.article.2', 'Olivier Antibi', '{\"core.delete\":[],\"core.edit\":[],\"core.edit.state\":[]}'), ('43', '55', '69', '70', '5', 'com_content.article.3', 'Stéphane Jamme', '{\"core.delete\":[],\"core.edit\":[],\"core.edit.state\":[]}'), ('44', '41', '45', '46', '5', 'com_content.article.4', 'Alain-Pierre Sittler', '{\"core.delete\":[],\"core.edit\":[],\"core.edit.state\":[]}'), ('45', '41', '47', '48', '5', 'com_content.article.5', 'Anthony Berberian', '{\"core.delete\":[],\"core.edit\":[],\"core.edit.state\":[]}'), ('46', '41', '49', '50', '5', 'com_content.article.6', 'Caryl Buton', '{\"core.delete\":[],\"core.edit\":[],\"core.edit.state\":[]}'), ('47', '41', '51', '52', '5', 'com_content.article.7', 'Christian Henlé', '{\"core.delete\":[],\"core.edit\":[],\"core.edit.state\":[]}'), ('48', '41', '53', '54', '5', 'com_content.article.8', 'Cyndie Jamme', '{\"core.delete\":[],\"core.edit\":[],\"core.edit.state\":[]}'), ('49', '41', '55', '56', '5', 'com_content.article.9', 'Élodie Turpin', '{\"core.delete\":[],\"core.edit\":[],\"core.edit.state\":[]}'), ('50', '41', '57', '58', '5', 'com_content.article.10', 'Francisco Otero Ferrer', '{\"core.delete\":[],\"core.edit\":[],\"core.edit.state\":[]}'), ('51', '41', '59', '60', '5', 'com_content.article.11', 'Karine Jamme', '{\"core.delete\":[],\"core.edit\":[],\"core.edit.state\":[]}'), ('52', '41', '61', '62', '5', 'com_content.article.12', 'Maud Raedersdorff', '{\"core.delete\":[],\"core.edit\":[],\"core.edit.state\":[]}'), ('53', '41', '63', '64', '5', 'com_content.article.13', 'Stéphane Elliott', '{\"core.delete\":[],\"core.edit\":[],\"core.edit.state\":[]}'), ('54', '55', '71', '72', '5', 'com_content.article.14', 'Véronique Henlé', '{\"core.delete\":[],\"core.edit\":[],\"core.edit.state\":[]}'), ('55', '60', '68', '73', '4', 'com_content.category.12', 'Membres du Bureau', '{\"core.create\":[],\"core.delete\":[],\"core.edit\":[],\"core.edit.state\":[],\"core.edit.own\":[]}'), ('56', '38', '27', '38', '3', 'com_content.category.13', 'Comités', '{\"core.create\":[],\"core.delete\":[],\"core.edit\":[],\"core.edit.state\":[],\"core.edit.own\":[]}'), ('57', '56', '28', '31', '4', 'com_content.category.14', 'Comité Scientifique', '{\"core.create\":[],\"core.delete\":[],\"core.edit\":[],\"core.edit.state\":[],\"core.edit.own\":[]}'), ('58', '56', '32', '37', '4', 'com_content.category.15', 'Comité Photographique', '{\"core.create\":[],\"core.delete\":[],\"core.edit\":[],\"core.edit.state\":[],\"core.edit.own\":[]}'), ('59', '38', '39', '40', '3', 'com_content.article.15', 'Présentation', '{\"core.delete\":[],\"core.edit\":[],\"core.edit.state\":[]}'), ('60', '38', '41', '74', '3', 'com_content.category.16', 'Membres', '{\"core.create\":[],\"core.delete\":[],\"core.edit\":[],\"core.edit.state\":[],\"core.edit.own\":[]}'), ('61', '41', '65', '66', '5', 'com_content.article.16', 'Patrick Jamme', '{\"core.delete\":[],\"core.edit\":[],\"core.edit.state\":[]}'), ('62', '38', '75', '92', '3', 'com_content.category.17', 'News', '{\"core.create\":[],\"core.delete\":[],\"core.edit\":[],\"core.edit.state\":[],\"core.edit.own\":[]}'), ('63', '62', '76', '77', '4', 'com_content.article.17', 'Nouvelle expo', '{\"core.delete\":[],\"core.edit\":[],\"core.edit.state\":[]}'), ('64', '38', '93', '98', '3', 'com_content.category.18', 'Actions', '{\"core.create\":[],\"core.delete\":[],\"core.edit\":[],\"core.edit.state\":[],\"core.edit.own\":[]}'), ('65', '38', '99', '100', '3', 'com_content.category.19', 'Réalisations', '{\"core.create\":[],\"core.delete\":[],\"core.edit\":[],\"core.edit.state\":[],\"core.edit.own\":[]}'), ('66', '27', '23', '24', '3', 'com_content.article.18', 'nouvelle expo', '{\"core.delete\":[],\"core.edit\":[],\"core.edit.state\":[]}'), ('67', '62', '78', '79', '4', 'com_content.article.19', 'nouvelle expo', '{\"core.delete\":[],\"core.edit\":[],\"core.edit.state\":[]}'), ('68', '57', '29', '30', '5', 'com_content.article.20', 'Le Comité scientifique', '{\"core.delete\":[],\"core.edit\":[],\"core.edit.state\":[]}'), ('69', '58', '33', '34', '5', 'com_content.article.21', 'Le Comité photographique', ''), ('70', '62', '80', '81', '4', 'com_content.article.22', '4èmes Trophées de la Ville de Nice', '{\"core.delete\":[],\"core.edit\":[],\"core.edit.state\":[]}'), ('71', '62', '82', '83', '4', 'com_content.article.23', 'Christian Gelpi', '{\"core.delete\":[],\"core.edit\":[],\"core.edit.state\":[]}'), ('72', '62', '84', '85', '4', 'com_content.article.24', 'Partenariat - AquaScience', '{\"core.delete\":[],\"core.edit\":[],\"core.edit.state\":[]}'), ('73', '38', '103', '112', '3', 'com_content.category.20', 'Partenaires', '{\"core.create\":[],\"core.delete\":[],\"core.edit\":[],\"core.edit.state\":[],\"core.edit.own\":[]}'), ('74', '73', '104', '105', '4', 'com_content.article.25', 'AquaScience', '{\"core.delete\":[],\"core.edit\":[],\"core.edit.state\":[]}'), ('75', '58', '35', '36', '5', 'com_content.article.26', 'Le Comité photographique', '{\"core.delete\":[],\"core.edit\":[],\"core.edit.state\":[]}'), ('76', '73', '106', '107', '4', 'com_content.article.27', 'Seaquarium', '{\"core.delete\":[],\"core.edit\":[],\"core.edit.state\":[]}'), ('77', '62', '86', '87', '4', 'com_content.article.28', 'Karim Smaoui', '{\"core.delete\":[],\"core.edit\":[],\"core.edit.state\":[]}'), ('78', '73', '108', '109', '4', 'com_content.article.29', 'Nuc Subaquatique', '{\"core.delete\":[],\"core.edit\":[],\"core.edit.state\":[]}'), ('79', '73', '110', '111', '4', 'com_content.article.30', 'Théâtre Le Tribunal', '{\"core.delete\":[],\"core.edit\":[],\"core.edit.state\":[]}'), ('80', '64', '94', '95', '4', 'com_content.article.31', 'Tortues Marines de Méditerranée', '{\"core.delete\":[],\"core.edit\":[],\"core.edit.state\":[]}'), ('81', '62', '88', '89', '4', 'com_content.article.32', 'François Würz', '{\"core.delete\":[],\"core.edit\":[],\"core.edit.state\":[]}'), ('82', '64', '96', '97', '4', 'com_content.article.33', 'Appel à témoins, Mérous et Corbs !', '{\"core.delete\":[],\"core.edit\":[],\"core.edit.state\":[]}'), ('83', '62', '90', '91', '4', 'com_content.article.34', 'Photographes prometteurs !', '{\"core.delete\":[],\"core.edit\":[],\"core.edit.state\":[]}');
DROP TABLE IF EXISTS `aqua_associations`;
CREATE TABLE `aqua_associations` (   `id` varchar(50) NOT NULL COMMENT 'A reference to the associated item.',   `context` varchar(50) NOT NULL COMMENT 'The context of the associated item.',   `key` char(32) NOT NULL COMMENT 'The key for the association computed from an md5 on associated ids.',   PRIMARY KEY (`context`,`id`),   KEY `idx_key` (`key`) ) ENGINE=MyISAM DEFAULT CHARSET=utf8;
DROP TABLE IF EXISTS `aqua_banner_clients`;
CREATE TABLE `aqua_banner_clients` (   `id` int(11) NOT NULL AUTO_INCREMENT,   `name` varchar(255) NOT NULL DEFAULT '',   `contact` varchar(255) NOT NULL DEFAULT '',   `email` varchar(255) NOT NULL DEFAULT '',   `extrainfo` text NOT NULL,   `state` tinyint(3) NOT NULL DEFAULT '0',   `checked_out` int(10) unsigned NOT NULL DEFAULT '0',   `checked_out_time` datetime NOT NULL DEFAULT '0000-00-00 00:00:00',   `metakey` text NOT NULL,   `own_prefix` tinyint(4) NOT NULL DEFAULT '0',   `metakey_prefix` varchar(255) NOT NULL DEFAULT '',   `purchase_type` tinyint(4) NOT NULL DEFAULT '-1',   `track_clicks` tinyint(4) NOT NULL DEFAULT '-1',   `track_impressions` tinyint(4) NOT NULL DEFAULT '-1',   PRIMARY KEY (`id`),   KEY `idx_own_prefix` (`own_prefix`),   KEY `idx_metakey_prefix` (`metakey_prefix`) ) ENGINE=MyISAM DEFAULT CHARSET=utf8;
DROP TABLE IF EXISTS `aqua_banner_tracks`;
CREATE TABLE `aqua_banner_tracks` (   `track_date` datetime NOT NULL,   `track_type` int(10) unsigned NOT NULL,   `banner_id` int(10) unsigned NOT NULL,   `count` int(10) unsigned NOT NULL DEFAULT '0',   PRIMARY KEY (`track_date`,`track_type`,`banner_id`),   KEY `idx_track_date` (`track_date`),   KEY `idx_track_type` (`track_type`),   KEY `idx_banner_id` (`banner_id`) ) ENGINE=MyISAM DEFAULT CHARSET=utf8;
DROP TABLE IF EXISTS `aqua_banners`;
CREATE TABLE `aqua_banners` (   `id` int(11) NOT NULL AUTO_INCREMENT,   `cid` int(11) NOT NULL DEFAULT '0',   `type` int(11) NOT NULL DEFAULT '0',   `name` varchar(255) NOT NULL DEFAULT '',   `alias` varchar(255) CHARACTER SET utf8 COLLATE utf8_bin NOT NULL DEFAULT '',   `imptotal` int(11) NOT NULL DEFAULT '0',   `impmade` int(11) NOT NULL DEFAULT '0',   `clicks` int(11) NOT NULL DEFAULT '0',   `clickurl` varchar(200) NOT NULL DEFAULT '',   `state` tinyint(3) NOT NULL DEFAULT '0',   `catid` int(10) unsigned NOT NULL DEFAULT '0',   `description` text NOT NULL,   `custombannercode` varchar(2048) NOT NULL,   `sticky` tinyint(1) unsigned NOT NULL DEFAULT '0',   `ordering` int(11) NOT NULL DEFAULT '0',   `metakey` text NOT NULL,   `params` text NOT NULL,   `own_prefix` tinyint(1) NOT NULL DEFAULT '0',   `metakey_prefix` varchar(255) NOT NULL DEFAULT '',   `purchase_type` tinyint(4) NOT NULL DEFAULT '-1',   `track_clicks` tinyint(4) NOT NULL DEFAULT '-1',   `track_impressions` tinyint(4) NOT NULL DEFAULT '-1',   `checked_out` int(10) unsigned NOT NULL DEFAULT '0',   `checked_out_time` datetime NOT NULL DEFAULT '0000-00-00 00:00:00',   `publish_up` datetime NOT NULL DEFAULT '0000-00-00 00:00:00',   `publish_down` datetime NOT NULL DEFAULT '0000-00-00 00:00:00',   `reset` datetime NOT NULL DEFAULT '0000-00-00 00:00:00',   `created` datetime NOT NULL DEFAULT '0000-00-00 00:00:00',   `language` char(7) NOT NULL DEFAULT '',   PRIMARY KEY (`id`),   KEY `idx_state` (`state`),   KEY `idx_own_prefix` (`own_prefix`),   KEY `idx_metakey_prefix` (`metakey_prefix`),   KEY `idx_banner_catid` (`catid`),   KEY `idx_language` (`language`) ) ENGINE=MyISAM DEFAULT CHARSET=utf8;
DROP TABLE IF EXISTS `aqua_categories`;
CREATE TABLE `aqua_categories` (   `id` int(11) NOT NULL AUTO_INCREMENT,   `asset_id` int(10) unsigned NOT NULL DEFAULT '0' COMMENT 'FK to the aqua_assets table.',   `parent_id` int(10) unsigned NOT NULL DEFAULT '0',   `lft` int(11) NOT NULL DEFAULT '0',   `rgt` int(11) NOT NULL DEFAULT '0',   `level` int(10) unsigned NOT NULL DEFAULT '0',   `path` varchar(255) NOT NULL DEFAULT '',   `extension` varchar(50) NOT NULL DEFAULT '',   `title` varchar(255) NOT NULL,   `alias` varchar(255) CHARACTER SET utf8 COLLATE utf8_bin NOT NULL DEFAULT '',   `note` varchar(255) NOT NULL DEFAULT '',   `description` mediumtext NOT NULL,   `published` tinyint(1) NOT NULL DEFAULT '0',   `checked_out` int(11) unsigned NOT NULL DEFAULT '0',   `checked_out_time` datetime NOT NULL DEFAULT '0000-00-00 00:00:00',   `access` int(10) unsigned NOT NULL DEFAULT '0',   `params` text NOT NULL,   `metadesc` varchar(1024) NOT NULL COMMENT 'The meta description for the page.',   `metakey` varchar(1024) NOT NULL COMMENT 'The meta keywords for the page.',   `metadata` varchar(2048) NOT NULL COMMENT 'JSON encoded metadata properties.',   `created_user_id` int(10) unsigned NOT NULL DEFAULT '0',   `created_time` datetime NOT NULL DEFAULT '0000-00-00 00:00:00',   `modified_user_id` int(10) unsigned NOT NULL DEFAULT '0',   `modified_time` datetime NOT NULL DEFAULT '0000-00-00 00:00:00',   `hits` int(10) unsigned NOT NULL DEFAULT '0',   `language` char(7) NOT NULL,   PRIMARY KEY (`id`),   KEY `cat_idx` (`extension`,`published`,`access`),   KEY `idx_access` (`access`),   KEY `idx_checkout` (`checked_out`),   KEY `idx_path` (`path`),   KEY `idx_left_right` (`lft`,`rgt`),   KEY `idx_alias` (`alias`),   KEY `idx_language` (`language`) ) ENGINE=MyISAM AUTO_INCREMENT=21 DEFAULT CHARSET=utf8;
INSERT INTO `aqua_categories` VALUES ('1', '0', '0', '0', '39', '0', '', 'system', 'ROOT', 'root', '', '', '1', '0', '0000-00-00 00:00:00', '1', '{}', '', '', '', '0', '2009-10-18 16:07:09', '0', '0000-00-00 00:00:00', '0', '*'), ('2', '27', '1', '1', '2', '1', 'non-categorise', 'com_content', 'Non catégorisé', 'non-categorise', '', '', '1', '0', '0000-00-00 00:00:00', '1', '{\"target\":\"\",\"image\":\"\"}', '', '', '{\"page_title\":\"\",\"author\":\"\",\"robots\":\"\"}', '42', '2010-06-28 13:26:37', '0', '0000-00-00 00:00:00', '0', '*'), ('3', '28', '1', '3', '4', '1', 'non-categorise', 'com_banners', 'Non catégorisé', 'non-categorise', '', '', '1', '0', '0000-00-00 00:00:00', '1', '{\"target\":\"\",\"image\":\"\",\"foobar\":\"\"}', '', '', '{\"page_title\":\"\",\"author\":\"\",\"robots\":\"\"}', '42', '2010-06-28 13:27:35', '0', '0000-00-00 00:00:00', '0', '*'), ('4', '29', '1', '5', '6', '1', 'non-categorise', 'com_contact', 'Non catégorisé', 'non-categorise', '', '', '1', '0', '0000-00-00 00:00:00', '1', '{\"target\":\"\",\"image\":\"\"}', '', '', '{\"page_title\":\"\",\"author\":\"\",\"robots\":\"\"}', '42', '2010-06-28 13:27:57', '0', '0000-00-00 00:00:00', '0', '*'), ('5', '30', '1', '7', '8', '1', 'non-categorise', 'com_newsfeeds', 'Non catégorisé', 'non-categorise', '', '', '1', '0', '0000-00-00 00:00:00', '1', '{\"target\":\"\",\"image\":\"\"}', '', '', '{\"page_title\":\"\",\"author\":\"\",\"robots\":\"\"}', '42', '2010-06-28 13:28:15', '0', '0000-00-00 00:00:00', '0', '*'), ('6', '31', '1', '9', '10', '1', 'non-categorise', 'com_weblinks', 'Non catégorisé', 'non-categorise', '', '', '1', '0', '0000-00-00 00:00:00', '1', '{\"target\":\"\",\"image\":\"\"}', '', '', '{\"page_title\":\"\",\"author\":\"\",\"robots\":\"\"}', '42', '2010-06-28 13:28:33', '0', '0000-00-00 00:00:00', '0', '*'), ('7', '32', '1', '11', '12', '1', 'non-categorise', 'com_users', 'Non catégorisé', 'non-categorise', '', '', '1', '0', '0000-00-00 00:00:00', '1', '{\"target\":\"\",\"image\":\"\"}', '', '', '{\"page_title\":\"\",\"author\":\"\",\"robots\":\"\"}', '42', '2010-06-28 13:28:33', '0', '0000-00-00 00:00:00', '0', '*'), ('8', '38', '1', '13', '34', '1', 'aquanautes', 'com_content', 'Aquanautes', 'aquanautes', '', '', '1', '0', '0000-00-00 00:00:00', '1', '{\"category_layout\":\"\",\"image\":\"\"}', '', '', '{\"author\":\"\",\"robots\":\"\"}', '42', '2012-09-14 18:04:14', '0', '0000-00-00 00:00:00', '0', '*'), ('9', '39', '1', '35', '38', '1', 'aquanautes', 'com_contact', 'Aquanautes', 'aquanautes', '', '', '1', '0', '0000-00-00 00:00:00', '1', '{\"category_layout\":\"\",\"image\":\"\"}', '', '', '{\"author\":\"\",\"robots\":\"\"}', '42', '2012-09-14 18:25:31', '0', '0000-00-00 00:00:00', '0', '*'), ('10', '40', '9', '36', '37', '2', 'aquanautes/membres', 'com_contact', 'Membres', 'membres', '', '', '1', '0', '0000-00-00 00:00:00', '1', '{\"category_layout\":\"\",\"image\":\"\"}', '', '', '{\"author\":\"\",\"robots\":\"\"}', '42', '2012-09-14 18:25:51', '0', '0000-00-00 00:00:00', '0', '*'), ('11', '41', '16', '21', '22', '3', 'aquanautes/membres/membresfondateurs', 'com_content', 'Membres Fondateurs', 'membresfondateurs', '', '', '1', '0', '0000-00-00 00:00:00', '1', '{\"category_layout\":\"\",\"image\":\"\"}', '', '', '{\"author\":\"\",\"robots\":\"\"}', '42', '2012-09-16 20:28:31', '42', '2012-09-21 18:57:58', '0', '*'), ('12', '55', '16', '23', '24', '3', 'aquanautes/membres/membresbureau', 'com_content', 'Membres du Bureau', 'membresbureau', '', '', '1', '0', '0000-00-00 00:00:00', '1', '{\"category_layout\":\"\",\"image\":\"\"}', '', '', '{\"author\":\"\",\"robots\":\"\"}', '42', '2012-09-18 21:57:03', '42', '2012-09-21 18:58:11', '0', '*'), ('13', '56', '8', '14', '19', '2', 'aquanautes/comites', 'com_content', 'Comités', 'comites', '', '', '1', '0', '0000-00-00 00:00:00', '1', '{\"category_layout\":\"\",\"image\":\"\"}', '', '', '{\"author\":\"\",\"robots\":\"\"}', '42', '2012-09-21 18:38:30', '0', '0000-00-00 00:00:00', '0', '*'), ('14', '57', '13', '15', '16', '3', 'aquanautes/comites/comitescientifique', 'com_content', 'Comité Scientifique', 'comitescientifique', '', '', '1', '0', '0000-00-00 00:00:00', '1', '{\"category_layout\":\"\",\"image\":\"\"}', '', '', '{\"author\":\"\",\"robots\":\"\"}', '42', '2012-09-21 18:39:03', '0', '0000-00-00 00:00:00', '0', '*'), ('15', '58', '13', '17', '18', '3', 'aquanautes/comites/comitephotographique', 'com_content', 'Comité Photographique', 'comitephotographique', '', '', '1', '0', '0000-00-00 00:00:00', '1', '{\"category_layout\":\"\",\"image\":\"\"}', '', '', '{\"author\":\"\",\"robots\":\"\"}', '42', '2012-09-21 18:39:35', '0', '0000-00-00 00:00:00', '0', '*'), ('16', '60', '8', '20', '25', '2', 'aquanautes/membres', 'com_content', 'Membres', 'membres', '', '', '1', '0', '0000-00-00 00:00:00', '1', '{\"category_layout\":\"\",\"image\":\"\"}', '', '', '{\"author\":\"\",\"robots\":\"\"}', '42', '2012-09-21 18:57:38', '0', '0000-00-00 00:00:00', '0', '*'), ('17', '62', '8', '26', '27', '2', 'aquanautes/news', 'com_content', 'News', 'news', '', '', '1', '0', '0000-00-00 00:00:00', '1', '{\"category_layout\":\"\",\"image\":\"\"}', '', '', '{\"author\":\"\",\"robots\":\"\"}', '42', '2012-09-22 20:36:52', '0', '0000-00-00 00:00:00', '0', '*'), ('18', '64', '8', '28', '29', '2', 'aquanautes/actions', 'com_content', 'Actions', 'actions', '', '', '1', '43', '2012-11-14 03:06:01', '1', '{\"category_layout\":\"_:blog\",\"image\":\"\"}', '', '', '{\"author\":\"\",\"robots\":\"\"}', '43', '2012-09-22 20:52:36', '43', '2012-11-14 02:54:20', '0', '*'), ('19', '65', '8', '30', '31', '2', 'aquanautes/realisation', 'com_content', 'Réalisations', 'realisation', '', '', '1', '0', '0000-00-00 00:00:00', '1', '{\"category_layout\":\"\",\"image\":\"\"}', '', '', '{\"author\":\"\",\"robots\":\"\"}', '42', '2012-09-22 20:52:54', '42', '2012-09-22 20:54:41', '0', '*'), ('20', '73', '8', '32', '33', '2', 'aquanautes/partenaires', 'com_content', 'Partenaires', 'partenaires', '', '', '1', '0', '0000-00-00 00:00:00', '1', '{\"category_layout\":\"\",\"image\":\"\"}', '', '', '{\"author\":\"\",\"robots\":\"\"}', '42', '2012-11-04 09:57:07', '42', '2012-11-04 09:57:29', '0', '*');
DROP TABLE IF EXISTS `aqua_contact_details`;
CREATE TABLE `aqua_contact_details` (   `id` int(11) NOT NULL AUTO_INCREMENT,   `name` varchar(255) NOT NULL DEFAULT '',   `alias` varchar(255) CHARACTER SET utf8 COLLATE utf8_bin NOT NULL DEFAULT '',   `con_position` varchar(255) DEFAULT NULL,   `address` text,   `suburb` varchar(100) DEFAULT NULL,   `state` varchar(100) DEFAULT NULL,   `country` varchar(100) DEFAULT NULL,   `postcode` varchar(100) DEFAULT NULL,   `telephone` varchar(255) DEFAULT NULL,   `fax` varchar(255) DEFAULT NULL,   `misc` mediumtext,   `image` varchar(255) DEFAULT NULL,   `imagepos` varchar(20) DEFAULT NULL,   `email_to` varchar(255) DEFAULT NULL,   `default_con` tinyint(1) unsigned NOT NULL DEFAULT '0',   `published` tinyint(1) NOT NULL DEFAULT '0',   `checked_out` int(10) unsigned NOT NULL DEFAULT '0',   `checked_out_time` datetime NOT NULL DEFAULT '0000-00-00 00:00:00',   `ordering` int(11) NOT NULL DEFAULT '0',   `params` text NOT NULL,   `user_id` int(11) NOT NULL DEFAULT '0',   `catid` int(11) NOT NULL DEFAULT '0',   `access` int(10) unsigned NOT NULL DEFAULT '0',   `mobile` varchar(255) NOT NULL DEFAULT '',   `webpage` varchar(255) NOT NULL DEFAULT '',   `sortname1` varchar(255) NOT NULL,   `sortname2` varchar(255) NOT NULL,   `sortname3` varchar(255) NOT NULL,   `language` char(7) NOT NULL,   `created` datetime NOT NULL DEFAULT '0000-00-00 00:00:00',   `created_by` int(10) unsigned NOT NULL DEFAULT '0',   `created_by_alias` varchar(255) NOT NULL DEFAULT '',   `modified` datetime NOT NULL DEFAULT '0000-00-00 00:00:00',   `modified_by` int(10) unsigned NOT NULL DEFAULT '0',   `metakey` text NOT NULL,   `metadesc` text NOT NULL,   `metadata` text NOT NULL,   `featured` tinyint(3) unsigned NOT NULL DEFAULT '0' COMMENT 'Set if article is featured.',   `xreference` varchar(50) NOT NULL COMMENT 'A reference to enable linkages to external data sets.',   `publish_up` datetime NOT NULL DEFAULT '0000-00-00 00:00:00',   `publish_down` datetime NOT NULL DEFAULT '0000-00-00 00:00:00',   PRIMARY KEY (`id`),   KEY `idx_access` (`access`),   KEY `idx_checkout` (`checked_out`),   KEY `idx_state` (`published`),   KEY `idx_catid` (`catid`),   KEY `idx_createdby` (`created_by`),   KEY `idx_featured_catid` (`featured`,`catid`),   KEY `idx_language` (`language`),   KEY `idx_xreference` (`xreference`) ) ENGINE=MyISAM AUTO_INCREMENT=3 DEFAULT CHARSET=utf8;
INSERT INTO `aqua_contact_details` VALUES ('1', 'Stéphane Jamme', 'steph', 'Président', '21, rue des Palmiers', 'Antibes', '', 'France', '06600', '+33 6 70 36 88 75', '', '', 'images/membres/stephaneJamme-petit.jpg', NULL, 'contact@aquanautes.eu', '0', '1', '0', '0000-00-00 00:00:00', '1', '{\"show_contact_category\":\"\",\"show_contact_list\":\"\",\"presentation_style\":\"\",\"show_name\":\"\",\"show_position\":\"\",\"show_email\":\"\",\"show_street_address\":\"\",\"show_suburb\":\"\",\"show_state\":\"\",\"show_postcode\":\"\",\"show_country\":\"\",\"show_telephone\":\"\",\"show_mobile\":\"\",\"show_fax\":\"\",\"show_webpage\":\"\",\"show_misc\":\"\",\"show_image\":\"\",\"allow_vcard\":\"\",\"show_articles\":\"\",\"show_profile\":\"\",\"show_links\":\"\",\"linka_name\":\"\",\"linka\":null,\"linkb_name\":\"\",\"linkb\":null,\"linkc_name\":\"\",\"linkc\":null,\"linkd_name\":\"\",\"linkd\":null,\"linke_name\":\"\",\"linke\":\"\",\"contact_layout\":\"\",\"show_email_form\":\"\",\"show_email_copy\":\"\",\"banned_email\":\"\",\"banned_subject\":\"\",\"banned_text\":\"\",\"validate_session\":\"\",\"custom_reply\":\"\",\"redirect\":\"\"}', '0', '10', '1', '', 'http://www.lesaquanautes.eu', '', '', '', '*', '2012-09-14 18:27:45', '42', '', '2012-09-22 20:31:52', '42', '', '', '{\"robots\":\"\",\"rights\":\"\"}', '0', '', '0000-00-00 00:00:00', '0000-00-00 00:00:00'), ('2', 'Olivier Antibi', 'olive', 'Doigts Carrés', 'Le Perrey', 'Martigny-Croix', '', 'Suisse', '1921', '+41 76 582 55 14', '', '', 'images/membres/olivierAntibi-petit.jpg', NULL, 'lechenapan@gmail.com', '0', '1', '0', '0000-00-00 00:00:00', '2', '{\"show_contact_category\":\"\",\"show_contact_list\":\"\",\"presentation_style\":\"\",\"show_name\":\"\",\"show_position\":\"\",\"show_email\":\"\",\"show_street_address\":\"\",\"show_suburb\":\"\",\"show_state\":\"\",\"show_postcode\":\"\",\"show_country\":\"\",\"show_telephone\":\"\",\"show_mobile\":\"\",\"show_fax\":\"\",\"show_webpage\":\"\",\"show_misc\":\"\",\"show_image\":\"\",\"allow_vcard\":\"\",\"show_articles\":\"\",\"show_profile\":\"\",\"show_links\":\"\",\"linka_name\":\"\",\"linka\":null,\"linkb_name\":\"\",\"linkb\":null,\"linkc_name\":\"\",\"linkc\":null,\"linkd_name\":\"\",\"linkd\":null,\"linke_name\":\"\",\"linke\":\"\",\"contact_layout\":\"\",\"show_email_form\":\"\",\"show_email_copy\":\"\",\"banned_email\":\"\",\"banned_subject\":\"\",\"banned_text\":\"\",\"validate_session\":\"\",\"custom_reply\":\"\",\"redirect\":\"\"}', '42', '10', '1', '', '', '', '', '', '*', '2012-09-14 18:29:10', '42', '', '2012-09-22 20:33:10', '42', '', '', '{\"robots\":\"\",\"rights\":\"\"}', '0', '', '0000-00-00 00:00:00', '0000-00-00 00:00:00');
DROP TABLE IF EXISTS `aqua_content`;
CREATE TABLE `aqua_content` (   `id` int(10) unsigned NOT NULL AUTO_INCREMENT,   `asset_id` int(10) unsigned NOT NULL DEFAULT '0' COMMENT 'FK to the aqua_assets table.',   `title` varchar(255) NOT NULL DEFAULT '',   `alias` varchar(255) CHARACTER SET utf8 COLLATE utf8_bin NOT NULL DEFAULT '',   `title_alias` varchar(255) CHARACTER SET utf8 COLLATE utf8_bin NOT NULL DEFAULT '' COMMENT 'Deprecated in Joomla! 3.0',   `introtext` mediumtext NOT NULL,   `fulltext` mediumtext NOT NULL,   `state` tinyint(3) NOT NULL DEFAULT '0',   `sectionid` int(10) unsigned NOT NULL DEFAULT '0',   `mask` int(10) unsigned NOT NULL DEFAULT '0',   `catid` int(10) unsigned NOT NULL DEFAULT '0',   `created` datetime NOT NULL DEFAULT '0000-00-00 00:00:00',   `created_by` int(10) unsigned NOT NULL DEFAULT '0',   `created_by_alias` varchar(255) NOT NULL DEFAULT '',   `modified` datetime NOT NULL DEFAULT '0000-00-00 00:00:00',   `modified_by` int(10) unsigned NOT NULL DEFAULT '0',   `checked_out` int(10) unsigned NOT NULL DEFAULT '0',   `checked_out_time` datetime NOT NULL DEFAULT '0000-00-00 00:00:00',   `publish_up` datetime NOT NULL DEFAULT '0000-00-00 00:00:00',   `publish_down` datetime NOT NULL DEFAULT '0000-00-00 00:00:00',   `images` text NOT NULL,   `urls` text NOT NULL,   `attribs` varchar(5120) NOT NULL,   `version` int(10) unsigned NOT NULL DEFAULT '1',   `parentid` int(10) unsigned NOT NULL DEFAULT '0',   `ordering` int(11) NOT NULL DEFAULT '0',   `metakey` text NOT NULL,   `metadesc` text NOT NULL,   `access` int(10) unsigned NOT NULL DEFAULT '0',   `hits` int(10) unsigned NOT NULL DEFAULT '0',   `metadata` text NOT NULL,   `featured` tinyint(3) unsigned NOT NULL DEFAULT '0' COMMENT 'Set if article is featured.',   `language` char(7) NOT NULL COMMENT 'The language code for the article.',   `xreference` varchar(50) NOT NULL COMMENT 'A reference to enable linkages to external data sets.',   PRIMARY KEY (`id`),   KEY `idx_access` (`access`),   KEY `idx_checkout` (`checked_out`),   KEY `idx_state` (`state`),   KEY `idx_catid` (`catid`),   KEY `idx_createdby` (`created_by`),   KEY `idx_featured_catid` (`featured`,`catid`),   KEY `idx_language` (`language`),   KEY `idx_xreference` (`xreference`) ) ENGINE=MyISAM AUTO_INCREMENT=35 DEFAULT CHARSET=utf8;
INSERT INTO `aqua_content` VALUES ('1', '36', 'Bienvenue sur le site des Aquanautes !', 'bienvenue', '', '<h2 style=\"text-align: center;\"> </h2>\r\n<h2 style=\"text-align: center;\">Association d\' Explorateurs sous-marins.</h2>\r\n', '\r\n<p>L’association les Aquanautes regroupe des Explorateurs sous-marins.</p>\r\n<p>Elle est la réalisation d’un souhait, celui de rassembler les compétences de personnes qui ont en commun la passion de la mer et l’envie de la partager.</p>\r\n<p>Basée à Antibes, Alpes-Maritimes, France. </p>\r\n<p>Les membres actifs sont constitués, pour la majorité de plongeurs sous-marins, qui utilisent la plongée comme un moyen d’exploration du milieu sous-marin.</p>\r\n<p>Ils ne sont pas seulement les spectateurs des fonds marins, ils en sont les observateurs, les témoins, les rapporteurs.</p>\r\n<p>Photographes par passion, naturalistes dans l’âme, ils nous font découvrir la beauté et la richesse de ces habitats méconnus qui composent notre littoral méditerranéen. </p>\r\n<p>Ils apportent chacun à leur manière, leur contribution à ce projet pour mener à bien des actions de découverte et de sensibilisation.</p>\r\n<p>Chacun d\'eux possède une expérience dans la transmission de son savoir et maîtrise les supports visuels.</p>\r\n<p>Détenteurs d’images, souvent spectaculaires, les Aquanautes fascinent et suscitent un vif intérêt pour leurs causes, celles de la préservation et de la sauvegarde.</p>\r\n<p>L’association Les Aquanautes ambitionne de <strong><em>changer votre regard sur notre Mer Méditerranée</em></strong><em>.</em></p>', '1', '0', '0', '8', '2012-09-12 21:34:57', '42', '', '2012-11-06 18:12:46', '43', '0', '0000-00-00 00:00:00', '2012-10-09 00:08:00', '0000-00-00 00:00:00', '{\"image_intro\":\"\",\"float_intro\":\"\",\"image_intro_alt\":\"\",\"image_intro_caption\":\"\",\"image_fulltext\":\"\",\"float_fulltext\":\"\",\"image_fulltext_alt\":\"\",\"image_fulltext_caption\":\"\"}', '{\"urla\":null,\"urlatext\":\"\",\"targeta\":\"\",\"urlb\":null,\"urlbtext\":\"\",\"targetb\":\"\",\"urlc\":null,\"urlctext\":\"\",\"targetc\":\"\"}', '{\"show_title\":\"\",\"link_titles\":\"\",\"show_intro\":\"\",\"show_category\":\"\",\"link_category\":\"\",\"show_parent_category\":\"\",\"link_parent_category\":\"\",\"show_author\":\"\",\"link_author\":\"\",\"show_create_date\":\"\",\"show_modify_date\":\"\",\"show_publish_date\":\"\",\"show_item_navigation\":\"\",\"show_icons\":\"\",\"show_print_icon\":\"\",\"show_email_icon\":\"\",\"show_vote\":\"\",\"show_hits\":\"\",\"show_noauth\":\"\",\"urls_position\":\"\",\"alternative_readmore\":\"\",\"article_layout\":\"\",\"show_publishing_options\":\"\",\"show_article_options\":\"\",\"show_urls_images_backend\":\"\",\"show_urls_images_frontend\":\"\"}', '30', '0', '1', '', '', '1', '471', '{\"robots\":\"\",\"author\":\"\",\"rights\":\"\",\"xreference\":\"\"}', '1', '*', ''), ('20', '68', 'Le Comité scientifique', 'partenariat', '', '<p>Le comité scientifique a pour tâche principale d’émettre des avis scientifiques sur les réalisations de l’association. Il fournit des conseils stratégiques aux projets élaborés.</p>\r\n<p>En collaboration avec le <a href=\"http://www.aquanautes.webuda.com/index.php/comitephotographique/26-comite-photographique\" target=\"_blank\"><strong>Comité photographique</strong></a> et les <a href=\"http://www.aquanautes.webuda.com/index.php/membres\"><strong>Membres fondateurs</strong></a>, ils vérifient les articles et les publications édités par les Aquanautes</p>\r\n<p> </p>\r\n<p><strong>Liste des membres :</strong></p>\r\n<p> </p>\r\n<p><strong>Zeineb Alhaïdari</strong></p>\r\n<p>Docteur Vétérinaire,</p>\r\n<p>Spécialiste en Dermatologie</p>\r\n<p> </p>\r\n<p><strong>Anthony Berberian</strong></p>\r\n<p>Médecin biologiste</p>\r\n<p>Médecine subaquatique et hyperbare</p>\r\n<p> </p>\r\n<p><strong>Caryl Buton</strong></p>\r\n<p>Ingénieur écologue, cabinet X-aequo</p>\r\n<p>Consultant indépendant.</p>\r\n<p> </p>\r\n<p><strong>Alain Calais</strong></p>\r\n<p>Responsable Animalier de l\'Aquarium de la Guadeloupe</p>\r\n<p><strong> </strong></p>\r\n<p><strong>Jean De Vaugelas</strong></p>\r\n<p>Laboratoire ECOMERS</p>\r\n<p>&amp;/ou Association AquaScience</p>\r\n<p>Université de Nice-Sophia Antipolis</p>\r\n<p> </p>\r\n<p><strong>Pierre Escoubet</strong></p>\r\n<p>Docteur en biologie marine appliquée</p>\r\n<p><strong> </strong></p>\r\n<p><strong>Sophie Laran</strong></p>\r\n<p>Ingénieur de recherche</p>\r\n<p>Observatoire PELAGIS - UMS3462 - Université de La Rochelle</p>\r\n<p><strong> </strong></p>\r\n<p><strong>Sophie Lisbonne</strong></p>\r\n<p>Docteur Vétérinaire</p>\r\n<p><strong> </strong></p>\r\n<p><strong>Luisa Mangialajo</strong></p>\r\n<p>Maitre de conférences au laboratoire ECOMERS</p>\r\n<p>&amp;/ou Association AquaScience</p>\r\n<p>Université de Nice-Sophia Antipolis<strong></strong></p>\r\n<p> </p>\r\n<p><strong>Francisco Otero Ferrer, PhD</strong></p>\r\n<p>Instituto Canario de Ciencias Marinas</p>\r\n<p>Grupo de Investigación en Acuicultura (ICCM &amp; ULPGC)</p>\r\n<p> </p>\r\n<p><strong>Valérie Pisani</strong></p>\r\n<p>Chargée des collections artistiques</p>\r\n<p>Service des Collections / Expositions</p>\r\n<p>Institut océanographique, Fondation Albert Ier, Prince de Monaco</p>\r\n<p> </p>\r\n<p> </p>\r\n<p> </p>\r\n<p> </p>\r\n<p> </p>\r\n<p> </p>\r\n<p> </p>\r\n<p> </p>', '', '1', '0', '0', '14', '2012-09-12 21:34:57', '42', '', '2012-11-06 22:12:10', '43', '0', '0000-00-00 00:00:00', '2012-09-12 21:34:57', '0000-00-00 00:00:00', '{\"image_intro\":\"\",\"float_intro\":\"\",\"image_intro_alt\":\"\",\"image_intro_caption\":\"\",\"image_fulltext\":\"\",\"float_fulltext\":\"\",\"image_fulltext_alt\":\"\",\"image_fulltext_caption\":\"\"}', '{\"urla\":null,\"urlatext\":\"\",\"targeta\":\"\",\"urlb\":null,\"urlbtext\":\"\",\"targetb\":\"\",\"urlc\":null,\"urlctext\":\"\",\"targetc\":\"\"}', '{\"show_title\":\"\",\"link_titles\":\"\",\"show_intro\":\"\",\"show_category\":\"\",\"link_category\":\"\",\"show_parent_category\":\"\",\"link_parent_category\":\"\",\"show_author\":\"\",\"link_author\":\"\",\"show_create_date\":\"\",\"show_modify_date\":\"\",\"show_publish_date\":\"\",\"show_item_navigation\":\"\",\"show_icons\":\"\",\"show_print_icon\":\"\",\"show_email_icon\":\"\",\"show_vote\":\"\",\"show_hits\":\"\",\"show_noauth\":\"\",\"urls_position\":\"\",\"alternative_readmore\":\"\",\"article_layout\":\"\",\"show_publishing_options\":\"\",\"show_article_options\":\"\",\"show_urls_images_backend\":\"\",\"show_urls_images_frontend\":\"\"}', '10', '0', '0', '', '', '1', '5', '{\"robots\":\"\",\"author\":\"\",\"rights\":\"\",\"xreference\":\"\"}', '0', '*', ''), ('2', '42', 'Olivier Antibi', 'olivierantibi', '', '', '\r\n<p style=\"text-align: justify;\"><em><br /></em></p>\r\n<p><em>Consultant en Informatique, Genève, Suisse. </em><em>Webmestre du site web des Aquanautes <a href=\"http://www.lesaquanautes.eu\">www.lesaquanautes.eu</a></em></p>\r\n<p> </p>\r\n<p> </p>\r\n<p>Après ses études d\'ingénieur sur Toulouse, il s\'installe sur Antibes en 2001 ou il y découvre les sports nautiques et le milieu marin (apnée, plongée). Ces nouvelles rencontres changeront son style de vie au point d\'acquérir et d\'habiter sur un voilier : \"Le chenapan\". Malgré l\'éloignement et les déplacements professionnels ce bateau restera le fil conducteur lui permettant de réaliser ses rêves d\'aventure, de découverte et de retrouver les valeurs qu\'il affectionne. L\'association \"Les Aquanautes\" est ainsi l\'occasion idéale de réconcilier un travail avec une passion, et de mettre ses compétences au service d\'une cause plus noble : la découverte et la protection du milieu marin. Multilingue, français, anglais, italien, espagnol.</p>\r\n<p style=\"text-align: justify;\"><em><br /></em></p>', '1', '0', '0', '11', '2012-09-16 20:31:42', '42', '', '2012-10-11 17:21:14', '43', '0', '0000-00-00 00:00:00', '2012-09-16 20:31:42', '0000-00-00 00:00:00', '{\"image_intro\":\"images\\/membres\\/olivierAntibi.jpg\",\"float_intro\":\"none\",\"image_intro_alt\":\"\",\"image_intro_caption\":\"Doigts carr\\u00e9s\",\"image_fulltext\":\"images\\/membres\\/olivierAntibi-large.jpg\",\"float_fulltext\":\"none\",\"image_fulltext_alt\":\"\",\"image_fulltext_caption\":\"Doigts carr\\u00e9s\"}', '{\"urla\":null,\"urlatext\":\"\",\"targeta\":\"\",\"urlb\":null,\"urlbtext\":\"\",\"targetb\":\"\",\"urlc\":null,\"urlctext\":\"\",\"targetc\":\"\"}', '{\"show_title\":\"\",\"link_titles\":\"\",\"show_intro\":\"\",\"show_category\":\"\",\"link_category\":\"\",\"show_parent_category\":\"\",\"link_parent_category\":\"\",\"show_author\":\"\",\"link_author\":\"\",\"show_create_date\":\"\",\"show_modify_date\":\"\",\"show_publish_date\":\"\",\"show_item_navigation\":\"\",\"show_icons\":\"\",\"show_print_icon\":\"\",\"show_email_icon\":\"\",\"show_vote\":\"\",\"show_hits\":\"\",\"show_noauth\":\"\",\"urls_position\":\"\",\"alternative_readmore\":\"En savoir plus...\",\"article_layout\":\"\",\"show_publishing_options\":\"\",\"show_article_options\":\"\",\"show_urls_images_backend\":\"\",\"show_urls_images_frontend\":\"\"}', '13', '0', '11', '', '', '1', '28', '{\"robots\":\"\",\"author\":\"\",\"rights\":\"\",\"xreference\":\"\"}', '0', '*', ''), ('3', '43', 'Stéphane Jamme', 'stephanejamme', '', '', '\r\n<p style=\"text-align: justify;\"><em><br /></em></p>\r\n<p><em>Aquariologiste Biologiste marin à Marineland, Antibes., </em><em>Photographe sous-marin, Plongeur professionnel Classe 1B.</em></p>\r\n<p> </p>\r\n<p>A suivi ses études à la faculté de Montpellier. Passionné par le milieu marin, il s’oriente vers la biologie marine. Plongeur sous-marin et photographe depuis 1999, il préside la Commission Environnement et Biologie subaquatique des Alpes-Maritimes de la F.F.E.S.S.M. de 2002 à 2006. Il s’investit dans la découverte et la protection et du milieu marin de notre littoral au travers de l’image et la pédagogie.</p>\r\n<p>Spécialiste du milieu marin Méditerranéen, il intervient dans de nombreuses formations et missions scientifiques en qualité de consultant et photographe sous-marin. Primé au festival International Mediterranea en 2011 et 2012, il est l’auteur de plusieurs expositions et diaporamas animés, et possède une banque d’images unique et inédite sur la biodiversité de nos côtes.</p>\r\n<p style=\"text-align: justify;\">Au travers de ses rencontres, il monte son équipe pour créer l’association « Les Aquanautes » dans le but de mettre en perspective les compétences de différents acteurs investis dans la protection du milieu marin.  <em><br /></em></p>', '1', '0', '0', '12', '2012-09-16 20:31:42', '42', '', '2012-09-22 21:53:02', '42', '0', '0000-00-00 00:00:00', '2012-09-16 20:31:42', '0000-00-00 00:00:00', '{\"image_intro\":\"images\\/membres\\/stephaneJamme.jpg\",\"float_intro\":\"none\",\"image_intro_alt\":\"\",\"image_intro_caption\":\"Pr\\u00e9sident\",\"image_fulltext\":\"images\\/membres\\/stephaneJamme-large.jpg\",\"float_fulltext\":\"none\",\"image_fulltext_alt\":\"\",\"image_fulltext_caption\":\"Pr\\u00e9sident\"}', '{\"urla\":null,\"urlatext\":\"\",\"targeta\":\"\",\"urlb\":null,\"urlbtext\":\"\",\"targetb\":\"\",\"urlc\":null,\"urlctext\":\"\",\"targetc\":\"\"}', '{\"show_title\":\"\",\"link_titles\":\"\",\"show_intro\":\"\",\"show_category\":\"\",\"link_category\":\"\",\"show_parent_category\":\"\",\"link_parent_category\":\"\",\"show_author\":\"\",\"link_author\":\"\",\"show_create_date\":\"\",\"show_modify_date\":\"\",\"show_publish_date\":\"\",\"show_item_navigation\":\"\",\"show_icons\":\"\",\"show_print_icon\":\"\",\"show_email_icon\":\"\",\"show_vote\":\"\",\"show_hits\":\"\",\"show_noauth\":\"\",\"urls_position\":\"\",\"alternative_readmore\":\"En savoir plus...\",\"article_layout\":\"\",\"show_publishing_options\":\"\",\"show_article_options\":\"\",\"show_urls_images_backend\":\"\",\"show_urls_images_frontend\":\"\"}', '11', '0', '11', '', '', '1', '22', '{\"robots\":\"\",\"author\":\"\",\"rights\":\"\",\"xreference\":\"\"}', '0', '*', ''), ('4', '44', 'Alain-Pierre Sittler', 'alainpierresitler', '', '', '\r\n<p><em><br /></em></p>\r\n<p><em>Plongeur Naturaliste, </em><em>Webmestre du site web de bio subaquatique <a href=\"http://doris.ffessm.fr/\">doris.ffessm.fr</a></em></p>\r\n<p> </p>\r\n<p>Arrivé à la plongée sous-marine un peu par hasard à la fin des années 90, Alain-Pierre s\'est rapidement interrogé sur les choses étonnantes qu\'il voyait et sur lesquelles personne autour de lui ne donnait de réponses satisfaisantes. Il s\'est ainsi intéressé à la biologie sous-marine et sa rencontre avec Stéphane Jamme a été déterminante. Plongeur de Méditerranée principalement (Nice et sa région), il est allé voir en Mer Rouge puis dans l\'Océan Indien (Maldives, Mayotte, l\'Afrique du Sud) puis plus loin encore, à la jonction des Océans Indien et Pacifique, plusieurs fois, et a trouvé tout cela fascinant. Fascinant mais extrêmement fragile... Investi dans la formation bio pour les plongeurs, il se dit que faire connaître, c\'est déjà un peu faire aimer.</p>\r\n<div style=\"text-align: justify;\"><span><br /></span></div>', '1', '0', '0', '11', '2012-09-16 20:31:42', '42', '', '2012-09-23 09:31:52', '43', '0', '0000-00-00 00:00:00', '2012-09-16 20:31:42', '0000-00-00 00:00:00', '{\"image_intro\":\"images\\/membres\\/allainPierreSittler.jpg\",\"float_intro\":\"none\",\"image_intro_alt\":\"\",\"image_intro_caption\":\"Membre Fondateur\",\"image_fulltext\":\"images\\/membres\\/allainPierreSittler-large.jpg\",\"float_fulltext\":\"none\",\"image_fulltext_alt\":\"\",\"image_fulltext_caption\":\"Membre Fondateur\"}', '{\"urla\":null,\"urlatext\":\"\",\"targeta\":\"\",\"urlb\":null,\"urlbtext\":\"\",\"targetb\":\"\",\"urlc\":null,\"urlctext\":\"\",\"targetc\":\"\"}', '{\"show_title\":\"\",\"link_titles\":\"\",\"show_intro\":\"\",\"show_category\":\"\",\"link_category\":\"\",\"show_parent_category\":\"\",\"link_parent_category\":\"\",\"show_author\":\"\",\"link_author\":\"\",\"show_create_date\":\"\",\"show_modify_date\":\"\",\"show_publish_date\":\"\",\"show_item_navigation\":\"\",\"show_icons\":\"\",\"show_print_icon\":\"\",\"show_email_icon\":\"\",\"show_vote\":\"\",\"show_hits\":\"\",\"show_noauth\":\"\",\"urls_position\":\"\",\"alternative_readmore\":\"En savoir plus...\",\"article_layout\":\"\",\"show_publishing_options\":\"\",\"show_article_options\":\"\",\"show_urls_images_backend\":\"\",\"show_urls_images_frontend\":\"\"}', '16', '0', '10', '', '', '1', '18', '{\"robots\":\"\",\"author\":\"\",\"rights\":\"\",\"xreference\":\"\"}', '0', '*', ''), ('5', '45', 'Anthony Berberian', 'anthonyberberian', '', '', '\r\n<div style=\"text-align: justify;\">\r\n<p><em><br /></em></p>\r\n<p><em>Médecin biologiste au Centre Hospitalier de Polynésie Française à Papeete, Tahiti. </em><em>Photographe sous-marin.</em></p>\r\n<p><em><br /></em></p>\r\n</div>\r\n<div style=\"text-align: justify;\">Diplômé en médecine subaquatique et hyperbare, scaphandrier professionnel et plongeur recycleur, il s’engage également en tant que médecin et photographe sous-marin aux cours de missions scientifiques internationales.</div>\r\n<div style=\"text-align: justify;\">\r\n<p>Lorsque son emploi du temps le lui permet, il enseigne la photographie sous-marine en encadrant des stages en Polynésie française. Spécialiste des Élasmobranches et de la faune indopacifique, particulièrement des Nudibranches et Planaires, quelques-unes de ses images sont visibles sur le site : <a href=\"http://www.nuditahiti.com/\">www.nuditahiti.com</a></p>\r\n</div>', '1', '0', '0', '11', '2012-09-16 20:31:42', '42', '', '2012-10-10 13:24:08', '43', '0', '0000-00-00 00:00:00', '2012-09-16 20:31:42', '0000-00-00 00:00:00', '{\"image_intro\":\"images\\/membres\\/anthonyBerberian.jpg\",\"float_intro\":\"none\",\"image_intro_alt\":\"\",\"image_intro_caption\":\"Membre Fondateur\",\"image_fulltext\":\"images\\/membres\\/anthonyBerberian-large.jpg\",\"float_fulltext\":\"none\",\"image_fulltext_alt\":\"\",\"image_fulltext_caption\":\"Membre Fondateur\"}', '{\"urla\":null,\"urlatext\":\"\",\"targeta\":\"\",\"urlb\":null,\"urlbtext\":\"\",\"targetb\":\"\",\"urlc\":null,\"urlctext\":\"\",\"targetc\":\"\"}', '{\"show_title\":\"\",\"link_titles\":\"\",\"show_intro\":\"\",\"show_category\":\"\",\"link_category\":\"\",\"show_parent_category\":\"\",\"link_parent_category\":\"\",\"show_author\":\"\",\"link_author\":\"\",\"show_create_date\":\"\",\"show_modify_date\":\"\",\"show_publish_date\":\"\",\"show_item_navigation\":\"\",\"show_icons\":\"\",\"show_print_icon\":\"\",\"show_email_icon\":\"\",\"show_vote\":\"\",\"show_hits\":\"\",\"show_noauth\":\"\",\"urls_position\":\"\",\"alternative_readmore\":\"En savoir plus...\",\"article_layout\":\"\",\"show_publishing_options\":\"\",\"show_article_options\":\"\",\"show_urls_images_backend\":\"\",\"show_urls_images_frontend\":\"\"}', '12', '0', '9', '', '', '1', '11', '{\"robots\":\"\",\"author\":\"\",\"rights\":\"\",\"xreference\":\"\"}', '0', '*', ''), ('6', '46', 'Caryl Buton', 'carylbuton', '', '', '\r\n<p> </p>\r\n<p><em>Ingénieur écologie, </em><em>Consultant indépendant.</em></p>\r\n<p> </p>\r\n<p>Il a créé le cabinet X-aequo qui œuvre pour la prise en compte de la biodiversité dans les programmes d’aménagement et d’entretien des espaces méditerranéens. Il est à ce titre, délégué régional de l’Association Française des Ingénieurs Écologues (A.F.I.E.) et administrateur bénévole du Centre Permanent d’Initiatives Environnement des Iles de Lérins (C.P.I.E.). Passionné de nature et de biologie sous-marine, Caryl anime régulièrement des sorties de découvertes, des campagnes de prospection ou des ateliers de sensibilisation sur le milieu vivant méditerranéen, sur terre ou sous l’eau.</p>\r\n<p style=\"text-align: justify;\"><em> </em></p>', '1', '0', '0', '11', '2012-09-16 20:31:42', '42', '', '2012-11-13 16:47:13', '43', '0', '0000-00-00 00:00:00', '2012-09-16 20:31:42', '0000-00-00 00:00:00', '{\"image_intro\":\"images\\/membres\\/carylButon.jpg\",\"float_intro\":\"none\",\"image_intro_alt\":\"\",\"image_intro_caption\":\"Membre Fondateur\",\"image_fulltext\":\"images\\/membres\\/carylButon-large.jpg\",\"float_fulltext\":\"none\",\"image_fulltext_alt\":\"\",\"image_fulltext_caption\":\"Membre Fondateur\"}', '{\"urla\":null,\"urlatext\":\"\",\"targeta\":\"\",\"urlb\":null,\"urlbtext\":\"\",\"targetb\":\"\",\"urlc\":null,\"urlctext\":\"\",\"targetc\":\"\"}', '{\"show_title\":\"\",\"link_titles\":\"\",\"show_intro\":\"\",\"show_category\":\"\",\"link_category\":\"\",\"show_parent_category\":\"\",\"link_parent_category\":\"\",\"show_author\":\"\",\"link_author\":\"\",\"show_create_date\":\"\",\"show_modify_date\":\"\",\"show_publish_date\":\"\",\"show_item_navigation\":\"\",\"show_icons\":\"\",\"show_print_icon\":\"\",\"show_email_icon\":\"\",\"show_vote\":\"\",\"show_hits\":\"\",\"show_noauth\":\"\",\"urls_position\":\"\",\"alternative_readmore\":\"En savoir plus...\",\"article_layout\":\"\",\"show_publishing_options\":\"\",\"show_article_options\":\"\",\"show_urls_images_backend\":\"\",\"show_urls_images_frontend\":\"\"}', '9', '0', '8', '', '', '1', '8', '{\"robots\":\"\",\"author\":\"\",\"rights\":\"\",\"xreference\":\"\"}', '0', '*', ''), ('7', '47', 'Christian Henlé', 'christianhenle', '', '', '\r\n<p><em><br /></em></p>\r\n<p><em>Ingénieur en Informatique, p</em><em>assionné de photographie depuis plus de 40 ans.</em></p>\r\n<p> </p>\r\n<p>Après avoir mis une première fois la tête sous l’eau en 1992, la passion de la plongée et, très vite, de la photographie sous-marine, s’impose comme un deuxième mode de vie. Les images de Christian sont primées au Festival Européen de Strasbourg, au Salon de la Plongée de Paris, à Tourette-Levens. Initiateur en biologie sous-marine et moniteur en photographie sous-marine à la F.F.E.S.S.M. Christian Henlé est également conférencier pour le compte de S.O.S. Grand Bleu à Saint Jean Cap-Ferrat.<em> </em></p>', '1', '0', '0', '11', '2012-09-16 20:31:42', '42', '', '2012-09-23 09:28:06', '43', '0', '0000-00-00 00:00:00', '2012-09-16 20:31:42', '0000-00-00 00:00:00', '{\"image_intro\":\"images\\/membres\\/christianHenle.jpg\",\"float_intro\":\"none\",\"image_intro_alt\":\"\",\"image_intro_caption\":\"Membre Fondateur\",\"image_fulltext\":\"images\\/membres\\/christianHenle-large.jpg\",\"float_fulltext\":\"none\",\"image_fulltext_alt\":\"\",\"image_fulltext_caption\":\"Membre Fondateur\"}', '{\"urla\":null,\"urlatext\":\"\",\"targeta\":\"\",\"urlb\":null,\"urlbtext\":\"\",\"targetb\":\"\",\"urlc\":null,\"urlctext\":\"\",\"targetc\":\"\"}', '{\"show_title\":\"\",\"link_titles\":\"\",\"show_intro\":\"\",\"show_category\":\"\",\"link_category\":\"\",\"show_parent_category\":\"\",\"link_parent_category\":\"\",\"show_author\":\"\",\"link_author\":\"\",\"show_create_date\":\"\",\"show_modify_date\":\"\",\"show_publish_date\":\"\",\"show_item_navigation\":\"\",\"show_icons\":\"\",\"show_print_icon\":\"\",\"show_email_icon\":\"\",\"show_vote\":\"\",\"show_hits\":\"\",\"show_noauth\":\"\",\"urls_position\":\"\",\"alternative_readmore\":\"En savoir plus...\",\"article_layout\":\"\",\"show_publishing_options\":\"\",\"show_article_options\":\"\",\"show_urls_images_backend\":\"\",\"show_urls_images_frontend\":\"\"}', '6', '0', '7', '', '', '1', '4', '{\"robots\":\"\",\"author\":\"\",\"rights\":\"\",\"xreference\":\"\"}', '0', '*', ''), ('8', '48', 'Cyndie Jamme', 'cyndiejamme', '', '', '\r\n<p style=\"text-align: justify;\"><em><br /></em></p>\r\n<p><em>Étudiante en Master de Psychopathologie et Psychologie clinique à l’institut de Psychologie de Paris.</em></p>\r\n<p> </p>\r\n<p style=\"text-align: justify;\">Elle a étudié à l\'université de Montpellier et de Sherbrooke (Québec). Investie depuis 6 ans dans le bénévolat, elle créa sa première association à but écologique au sein de son du lycée en 2007, dont leurs actions de sensibilisation ont permis de mettre en place le triage des déchets. Active dans d’autres associations à caractère social tel que : l\'A.F.E.V. (Association de la Fondation Étudiante pour la Ville), la Croix Rouge et l\'A.S.D.I. (Association de Sherbrooke pour la défiance intellectuelle), elle souhaite poursuivre son engagement envers le respect de la planète et intégrer le groupe des Aquanautes afin de découvrir les fonds sous-marins et de jouer un rôle dans la préservation des océans.<em> <br /></em></p>', '1', '0', '0', '11', '2012-09-16 20:31:42', '42', '', '2012-10-11 17:19:52', '43', '0', '0000-00-00 00:00:00', '2012-09-16 20:31:42', '0000-00-00 00:00:00', '{\"image_intro\":\"images\\/membres\\/cyndieJamme.jpg\",\"float_intro\":\"none\",\"image_intro_alt\":\"\",\"image_intro_caption\":\"Membre Fondateur\",\"image_fulltext\":\"images\\/membres\\/cyndieJamme-large.jpg\",\"float_fulltext\":\"none\",\"image_fulltext_alt\":\"\",\"image_fulltext_caption\":\"Membre Fondateur\"}', '{\"urla\":null,\"urlatext\":\"\",\"targeta\":\"\",\"urlb\":null,\"urlbtext\":\"\",\"targetb\":\"\",\"urlc\":null,\"urlctext\":\"\",\"targetc\":\"\"}', '{\"show_title\":\"\",\"link_titles\":\"\",\"show_intro\":\"\",\"show_category\":\"\",\"link_category\":\"\",\"show_parent_category\":\"\",\"link_parent_category\":\"\",\"show_author\":\"\",\"link_author\":\"\",\"show_create_date\":\"\",\"show_modify_date\":\"\",\"show_publish_date\":\"\",\"show_item_navigation\":\"\",\"show_icons\":\"\",\"show_print_icon\":\"\",\"show_email_icon\":\"\",\"show_vote\":\"\",\"show_hits\":\"\",\"show_noauth\":\"\",\"urls_position\":\"\",\"alternative_readmore\":\"En savoir plus...\",\"article_layout\":\"\",\"show_publishing_options\":\"\",\"show_article_options\":\"\",\"show_urls_images_backend\":\"\",\"show_urls_images_frontend\":\"\"}', '8', '0', '6', '', '', '1', '7', '{\"robots\":\"\",\"author\":\"\",\"rights\":\"\",\"xreference\":\"\"}', '0', '*', ''), ('9', '49', 'Élodie Turpin', 'elodieturpin', '', '', '\r\n<p style=\"text-align: justify;\"><em><br /></em></p>\r\n<p><em>Vidéaste sous-marin, </em><em>Création de son entreprise, Aquaciné : </em><em><a href=\"http://www.aquacine.net\">www.aquacine.net</a></em></p>\r\n<p><em><br /></em></p>\r\n<p>Possède la double nationalité Canadienne et Française. Polyglotte, elle maîtrise parfaitement le français, l’anglais et l’espagnol.</p>\r\n<p>Au cours de ses études universitaires en Biologie et en Études Cinématographiques, à Montréal au Canada, Élodie a pu entremêler ses deux passions, le Documentaire animalier et l’Éthologie. </p>\r\n<p>De nombreux stages et études complémentaires en relation avec la prise de vue sous-marine et le comportement animal, l’ont menée d’Afrique du Sud en Malaisie, en passant par les Bahamas, la Mer Méditerranée et la Mer Rouge.  C’est ainsi que, de stages en plongée, des salles de classe aux ateliers pratiques, elle a perfectionné ses connaissances scientifiques et sa maîtrise du film sous-marin. Après avoir passé un bon moment sous l’eau avec son caisson, elle a autant de plaisir à monter ses images que d’écrire ses textes et de les narrer.  Plusieurs de ses films ont été primés internationalement.</p>\r\n<p style=\"text-align: justify;\">Travaillant parallèlement à la vulgarisation scientifique, elle adore expliquer la mer, tant aux adultes qu’aux enfants, tant aux néophytes qu’aux universitaires.<em> <br /></em></p>', '1', '0', '0', '11', '2012-09-16 20:31:42', '42', '', '2012-09-26 11:33:31', '43', '0', '0000-00-00 00:00:00', '2012-09-16 20:31:42', '0000-00-00 00:00:00', '{\"image_intro\":\"images\\/membres\\/elodieTurpin.jpg\",\"float_intro\":\"none\",\"image_intro_alt\":\"\",\"image_intro_caption\":\"Membre Fondateur\",\"image_fulltext\":\"images\\/membres\\/elodieTurpin-large.jpg\",\"float_fulltext\":\"none\",\"image_fulltext_alt\":\"\",\"image_fulltext_caption\":\"Membre Fondateur\"}', '{\"urla\":null,\"urlatext\":\"\",\"targeta\":\"\",\"urlb\":null,\"urlbtext\":\"\",\"targetb\":\"\",\"urlc\":null,\"urlctext\":\"\",\"targetc\":\"\"}', '{\"show_title\":\"\",\"link_titles\":\"\",\"show_intro\":\"\",\"show_category\":\"\",\"link_category\":\"\",\"show_parent_category\":\"\",\"link_parent_category\":\"\",\"show_author\":\"\",\"link_author\":\"\",\"show_create_date\":\"\",\"show_modify_date\":\"\",\"show_publish_date\":\"\",\"show_item_navigation\":\"\",\"show_icons\":\"\",\"show_print_icon\":\"\",\"show_email_icon\":\"\",\"show_vote\":\"\",\"show_hits\":\"\",\"show_noauth\":\"\",\"urls_position\":\"\",\"alternative_readmore\":\"En savoir plus...\",\"article_layout\":\"\",\"show_publishing_options\":\"\",\"show_article_options\":\"\",\"show_urls_images_backend\":\"\",\"show_urls_images_frontend\":\"\"}', '6', '0', '5', '', '', '1', '4', '{\"robots\":\"\",\"author\":\"\",\"rights\":\"\",\"xreference\":\"\"}', '0', '*', ''), ('10', '50', 'Francisco Otero Ferrer', 'franciscooteroferrer', '', '', '\r\n<p style=\"text-align: justify;\"><em><br /></em></p>\r\n<p><em>Biologiste Marin, île Canaries (Espagne). </em><em>Plongeur recycleur, plongeur professionnel classe 2B et instructeur de plongée.</em></p>\r\n<p> </p>\r\n<p>Habitant toujours face à l’océan, c’est tout naturellement qu’il entreprend ses études universitaires en Sciences de la Mer, en Galice (Espagne). Il travaille quelque temps pour le ministère de l’environnement galicien, puis décide de poursuivre ses études en faisant un Master, qui l’amène à travailler au Musée Océanographique de Monaco pendant plusieurs années.  Tout en gardant sa fascination pour le corail, il a de nouveau repris ses études « sous-marines » pour faire un doctorat sur les populations d’hippocampes aux Îles Canaries. </p>\r\n<p>Plongeur naturaliste, il se laisse captiver par les merveilles sous-marines et n’hésite pas, lorsqu’il doit donner des cours, à insister sur l’importance des écosystèmes marins pour l’équilibre de la planète. </p>\r\n<p style=\"text-align: justify;\"><em><br /></em></p>', '1', '0', '0', '11', '2012-09-16 20:31:42', '42', '', '2012-10-11 17:20:23', '43', '0', '0000-00-00 00:00:00', '2012-09-16 20:31:42', '0000-00-00 00:00:00', '{\"image_intro\":\"images\\/membres\\/franciscoOteroFerrer.jpg\",\"float_intro\":\"none\",\"image_intro_alt\":\"\",\"image_intro_caption\":\"Membre Fondateur\",\"image_fulltext\":\"images\\/membres\\/franciscoOteroFerrer-large.jpg\",\"float_fulltext\":\"none\",\"image_fulltext_alt\":\"\",\"image_fulltext_caption\":\"Membre Fondateur\"}', '{\"urla\":null,\"urlatext\":\"\",\"targeta\":\"\",\"urlb\":null,\"urlbtext\":\"\",\"targetb\":\"\",\"urlc\":null,\"urlctext\":\"\",\"targetc\":\"\"}', '{\"show_title\":\"\",\"link_titles\":\"\",\"show_intro\":\"\",\"show_category\":\"\",\"link_category\":\"\",\"show_parent_category\":\"\",\"link_parent_category\":\"\",\"show_author\":\"\",\"link_author\":\"\",\"show_create_date\":\"\",\"show_modify_date\":\"\",\"show_publish_date\":\"\",\"show_item_navigation\":\"\",\"show_icons\":\"\",\"show_print_icon\":\"\",\"show_email_icon\":\"\",\"show_vote\":\"\",\"show_hits\":\"\",\"show_noauth\":\"\",\"urls_position\":\"\",\"alternative_readmore\":\"En savoir plus...\",\"article_layout\":\"\",\"show_publishing_options\":\"\",\"show_article_options\":\"\",\"show_urls_images_backend\":\"\",\"show_urls_images_frontend\":\"\"}', '6', '0', '4', '', '', '1', '5', '{\"robots\":\"\",\"author\":\"\",\"rights\":\"\",\"xreference\":\"\"}', '0', '*', ''), ('11', '51', 'Karine Jamme', 'karinejamme', '', '', '\r\n<p style=\"text-align: justify;\"><em><br /></em></p>\r\n<p><em>Sage-femme à l’hôpital d’Alès.</em></p>\r\n<p> </p>\r\n<p style=\"text-align: justify;\">Voyageuse dans l’âme, avide d’aventure, c’est avec enthousiasme qu’elle apporte son aide et son soutien aux projets des « Aquanautes ». Présidente de l’association humanitaire « Crocos du Monde » durant 3 ans.  Elle a organisé des missions au Cameroun au sein de maternités et de dispensaires, afin d’échanger, d’aider et de partager autour des méthodes de travail. Au travers de ses nombreux voyages et de ses rencontres, elle se passionne pour le milieu sous-marin et développe un vif intérêt pour sa préservation et sa sauvegarde<em> <br /></em></p>', '1', '0', '0', '11', '2012-09-16 20:31:42', '42', '', '2012-10-11 17:20:48', '43', '0', '0000-00-00 00:00:00', '2012-09-16 20:31:42', '0000-00-00 00:00:00', '{\"image_intro\":\"images\\/membres\\/karineJamme.jpg\",\"float_intro\":\"none\",\"image_intro_alt\":\"\",\"image_intro_caption\":\"Membre Fondateur\",\"image_fulltext\":\"images\\/membres\\/karineJamme-large.jpg\",\"float_fulltext\":\"none\",\"image_fulltext_alt\":\"\",\"image_fulltext_caption\":\"Membre Fondateur\"}', '{\"urla\":null,\"urlatext\":\"\",\"targeta\":\"\",\"urlb\":null,\"urlbtext\":\"\",\"targetb\":\"\",\"urlc\":null,\"urlctext\":\"\",\"targetc\":\"\"}', '{\"show_title\":\"\",\"link_titles\":\"\",\"show_intro\":\"\",\"show_category\":\"\",\"link_category\":\"\",\"show_parent_category\":\"\",\"link_parent_category\":\"\",\"show_author\":\"\",\"link_author\":\"\",\"show_create_date\":\"\",\"show_modify_date\":\"\",\"show_publish_date\":\"\",\"show_item_navigation\":\"\",\"show_icons\":\"\",\"show_print_icon\":\"\",\"show_email_icon\":\"\",\"show_vote\":\"\",\"show_hits\":\"\",\"show_noauth\":\"\",\"urls_position\":\"\",\"alternative_readmore\":\"En savoir plus...\",\"article_layout\":\"\",\"show_publishing_options\":\"\",\"show_article_options\":\"\",\"show_urls_images_backend\":\"\",\"show_urls_images_frontend\":\"\"}', '6', '0', '3', '', '', '1', '5', '{\"robots\":\"\",\"author\":\"\",\"rights\":\"\",\"xreference\":\"\"}', '0', '*', ''), ('12', '52', 'Maud Raedersdorff', 'maudraedersdorff', '', '', '\r\n<p style=\"text-align: justify;\"><em><br /></em></p>\r\n<p><em>Chargée de Ressources Humaines au siège social d’une compagnie d’assurance.</em></p>\r\n<p> </p>\r\n<p>De formation universitaire, elle étudie le droit, en France puis en Allemagne pour se tourner vers un cursus RH.</p>\r\n<p>Très engagée dans la protection de l’environnement et passionnée du milieu marin, elle participe activement à la participation du projet ‘‘ Les Aquanautes ’’ en mettant ses compétences à contribution ; Multilingue : Français, Anglais, Allemand.</p>\r\n<p style=\"text-align: justify;\"><em><br /></em></p>', '1', '0', '0', '11', '2012-09-16 20:31:42', '42', '', '2012-09-26 11:36:58', '43', '0', '0000-00-00 00:00:00', '2012-09-16 20:31:42', '0000-00-00 00:00:00', '{\"image_intro\":\"images\\/membres\\/maudRaedersdorff.jpg\",\"float_intro\":\"none\",\"image_intro_alt\":\"\",\"image_intro_caption\":\"Membre Fondateur\",\"image_fulltext\":\"images\\/membres\\/maudRaedersdorff-large.jpg\",\"float_fulltext\":\"none\",\"image_fulltext_alt\":\"\",\"image_fulltext_caption\":\"Membre Fondateur\"}', '{\"urla\":null,\"urlatext\":\"\",\"targeta\":\"\",\"urlb\":null,\"urlbtext\":\"\",\"targetb\":\"\",\"urlc\":null,\"urlctext\":\"\",\"targetc\":\"\"}', '{\"show_title\":\"\",\"link_titles\":\"\",\"show_intro\":\"\",\"show_category\":\"\",\"link_category\":\"\",\"show_parent_category\":\"\",\"link_parent_category\":\"\",\"show_author\":\"\",\"link_author\":\"\",\"show_create_date\":\"\",\"show_modify_date\":\"\",\"show_publish_date\":\"\",\"show_item_navigation\":\"\",\"show_icons\":\"\",\"show_print_icon\":\"\",\"show_email_icon\":\"\",\"show_vote\":\"\",\"show_hits\":\"\",\"show_noauth\":\"\",\"urls_position\":\"\",\"alternative_readmore\":\"En savoir plus...\",\"article_layout\":\"\",\"show_publishing_options\":\"\",\"show_article_options\":\"\",\"show_urls_images_backend\":\"\",\"show_urls_images_frontend\":\"\"}', '6', '0', '2', '', '', '1', '7', '{\"robots\":\"\",\"author\":\"\",\"rights\":\"\",\"xreference\":\"\"}', '0', '*', ''), ('13', '53', 'Stéphane Elliott', 'stephaneelliott', '', '', '\r\n<p style=\"text-align: justify;\"><em><br /></em></p>\r\n<p><em>Responsable de la section biologie subaquatique du club de plongée le Moana à Cagnes-sur-Mer depuis 2003. </em><em><a href=\"http://www.clubmoana.fr\">www.clubmoana.fr</a>, </em><em>Plongeur naturaliste.</em></p>\r\n<p> </p>\r\n<p>Plongeur Picard d’origine, il apporte son entrain et sa bonne humeur. Il organise des sessions de sensibilisation du milieu sous-marin adressées aux plongeurs. Après sa rencontre avec Stéphane Jamme en 2005, il s’investi pleinement dans la commission biologique subaquatique de son club et monte une équipe de bénévole afin d’élargir son secteur d’activités aux scolaires et aux enfants défavorisés. Créateur de « jeux bio » avec pour thème le milieu marin de notre littoral, dans un esprit ludique et attractif, il a su éveiller et faire comprendre la Mer à de nombreux jeunes gens et contribue ainsi à l’éducation des générations futures en terme de préservation.</p>\r\n<p>Le 23 février 2012, il reçoit la médaille de bronze du Ministère des Sports, de la Jeunesse, de l\'Éducation populaire et de la Vie associative.</p>\r\n<p style=\"text-align: justify;\">Plongeur encadrant photographe, détendeur de plusieurs clichés uniques et spectaculaires, prix de photographie. Il encadre sous l’eau, autant les débutants que les professionnels et dirige toujours ses explorations sous-marines vers la découverte et la sensibilisation. Il est également plongeur observateur de la réserve marine protégée de Cagnes-sur-Mer.<em> <br /></em></p>', '1', '0', '0', '11', '2012-09-16 20:31:42', '42', '', '2012-09-22 20:16:19', '42', '0', '0000-00-00 00:00:00', '2012-09-16 20:31:42', '0000-00-00 00:00:00', '{\"image_intro\":\"images\\/membres\\/stephaneElliott.jpg\",\"float_intro\":\"none\",\"image_intro_alt\":\"\",\"image_intro_caption\":\"Membre Fondateur\",\"image_fulltext\":\"images\\/membres\\/stephaneElliott-large.jpg\",\"float_fulltext\":\"none\",\"image_fulltext_alt\":\"\",\"image_fulltext_caption\":\"Membre Fondateur\"}', '{\"urla\":null,\"urlatext\":\"\",\"targeta\":\"\",\"urlb\":null,\"urlbtext\":\"\",\"targetb\":\"\",\"urlc\":null,\"urlctext\":\"\",\"targetc\":\"\"}', '{\"show_title\":\"\",\"link_titles\":\"\",\"show_intro\":\"\",\"show_category\":\"\",\"link_category\":\"\",\"show_parent_category\":\"\",\"link_parent_category\":\"\",\"show_author\":\"\",\"link_author\":\"\",\"show_create_date\":\"\",\"show_modify_date\":\"\",\"show_publish_date\":\"\",\"show_item_navigation\":\"\",\"show_icons\":\"\",\"show_print_icon\":\"\",\"show_email_icon\":\"\",\"show_vote\":\"\",\"show_hits\":\"\",\"show_noauth\":\"\",\"urls_position\":\"\",\"alternative_readmore\":\"En savoir plus...\",\"article_layout\":\"\",\"show_publishing_options\":\"\",\"show_article_options\":\"\",\"show_urls_images_backend\":\"\",\"show_urls_images_frontend\":\"\"}', '5', '0', '1', '', '', '1', '3', '{\"robots\":\"\",\"author\":\"\",\"rights\":\"\",\"xreference\":\"\"}', '0', '*', ''), ('14', '54', 'Véronique Henlé', 'veroniquehenle', '', '', '\r\n<p style=\"text-align: justify;\"><em><br /></em></p>\r\n<p><em>Diplômée de Paris IX Dauphine en Maîtrise de Gestion, </em><em>Spécialisée en Comptabilité &amp; Finance et en DESS Organisation &amp; Informatique.</em></p>\r\n<p> </p>\r\n<p>Elle a une expérience en conseil de plus de 20 ans dans le domaine de l’informatique appliquée à la gestion, pour des banques et assurances, de management en assurance et de cabinet de consulting tant en France qu’à l’étranger. De par ses compétences, elle prend en charge les aspects comptables et juridiques de l’association « Les Aquanautes ».</p>\r\n<p style=\"text-align: justify;\"><em><br /></em></p>', '1', '0', '0', '12', '2012-09-16 20:31:42', '42', '', '2012-09-22 20:17:49', '42', '0', '0000-00-00 00:00:00', '2012-09-16 20:31:42', '0000-00-00 00:00:00', '{\"image_intro\":\"images\\/membres\\/veroniqueHenle.jpg\",\"float_intro\":\"none\",\"image_intro_alt\":\"\",\"image_intro_caption\":\"Tr\\u00e9sori\\u00e8re\",\"image_fulltext\":\"images\\/membres\\/veroniqueHenle-large.jpg\",\"float_fulltext\":\"none\",\"image_fulltext_alt\":\"\",\"image_fulltext_caption\":\"Tr\\u00e9sori\\u00e8re\"}', '{\"urla\":null,\"urlatext\":\"\",\"targeta\":\"\",\"urlb\":null,\"urlbtext\":\"\",\"targetb\":\"\",\"urlc\":null,\"urlctext\":\"\",\"targetc\":\"\"}', '{\"show_title\":\"\",\"link_titles\":\"\",\"show_intro\":\"\",\"show_category\":\"\",\"link_category\":\"\",\"show_parent_category\":\"\",\"link_parent_category\":\"\",\"show_author\":\"\",\"link_author\":\"\",\"show_create_date\":\"\",\"show_modify_date\":\"\",\"show_publish_date\":\"\",\"show_item_navigation\":\"\",\"show_icons\":\"\",\"show_print_icon\":\"\",\"show_email_icon\":\"\",\"show_vote\":\"\",\"show_hits\":\"\",\"show_noauth\":\"\",\"urls_position\":\"\",\"alternative_readmore\":\"En savoir plus...\",\"article_layout\":\"\",\"show_publishing_options\":\"\",\"show_article_options\":\"\",\"show_urls_images_backend\":\"\",\"show_urls_images_frontend\":\"\"}', '6', '0', '0', '', '', '1', '10', '{\"robots\":\"\",\"author\":\"\",\"rights\":\"\",\"xreference\":\"\"}', '0', '*', ''), ('15', '59', 'Présentation', 'presentation', '', '<p><span style=\"font-size: medium;\"><strong>Les Aquanautes</strong></span></p>\r\n<p><em> </em></p>\r\n<p><em>Une association qui a pour vocation principale de contribuer à la découverte du milieu marin par la photographie sous-marine, la vidéo, la documentation, la pédagogie, les expositions. Dans le but de réaliser et de contribuer à des projets liés à la découverte et à la préservation des habitats sous-marins de notre littoral méditerranéen, elle entend mener des actions de sensibilisation, de protection, de partenariat, de compréhension et de vulgarisation, autour d’expositions, de manifestations, de publications. Ses activités sont adressées au grand public comme aux professionnels et seront axées principalement autour de thèmes environnementaux, culturels et artistiques.</em></p>\r\n<p><em><br /></em></p>\r\n<p>Retrouvez le descriptif du projet en <a href=\"http://youtu.be/Hg9zHn6eBQU\" target=\"_blank\">vidéo</a>.</p>\r\n<p><em><br /></em></p>\r\n<p>Les Aquanautes, une association d\'<strong>Explorateurs sous-marins</strong> qui s\'investissent dans les activités suivantes : </p>\r\n<p> </p>\r\n<h3>Les Aquanautes : investis dans la découverte de notre littoral sous-marin.</h3>\r\n<p>Cette association a pour vocation principale de contribuer à la découverte du milieu sous-marin. Elle est spécialisée dans les fonds Méditerranéens de notre littoral mais s’étend à tous les océans du monde. Elle compte parmi ses photographes plongeurs de nombreux voyageurs.</p>\r\n<p> </p>\r\n<h3>Les Aquanautes : expositions, diaporamas, conférences.</h3>\r\n<p>Présentation de diaporamas d\'images sous-marines, animés par un plongeur photographe et naturaliste. Discours pédagogique et anecdotes d’aventure.</p>\r\n<p> </p>\r\n<h3>Les Aquanautes : une association d’Explorateurs sous-marins.</h3>\r\n<p>C’est avant tout l’aboutissement d’un souhait, celui de rassembler les compétences de passionnés qui ont en commun l’exploration du milieu sous-marin, et l’envie de la partager.</p>\r\n<p> </p>\r\n<h3>Les Aquanautes : photographes sous-marins bio.</h3>\r\n<p>Ce sont principalement des « plongeurs bio », plongeurs en scaphandre autonome qui utilisent la plongée comme un moyen pour aller observer les organismes vivants.</p>\r\n<p>Toujours fascinés par leurs rencontres, ils sont les témoins d’anecdotes et de découvertes qu’ils figent en images.</p>\r\n<p>Véritables reporters de la biodiversité sous-marine, Les Aquanautes, explorent les fonds marins, partent à l’aventure, enrichissent leur collection de photos et reviennent nous raconter.</p>\r\n<p> </p>\r\n<h3>Les Aquanautes : une banque d’images.</h3>\r\n<p>Une banque de données conséquentes, avec des images inédites, exceptionnelles, et rarissimes ! Accompagnées de supports pédagogiques.</p>\r\n<p>Réalisation d’expositions photographiques à thème avec supports pédagogiques, visites guidées, diaporamas commentés.</p>\r\n<p> </p>\r\n<h1><span style=\"font-size: medium;\">Les missions de l’association \'\' Les Aquanautes \'\' :</span></h1>\r\n<p>- Contribution à la découverte du milieu marin, sa compréhension et sa connaissance. Dans un premier temps, principalement de notre littoral méditerranéen mais aussi pouvant s’étendre au reste du monde,</p>\r\n<p>- Sensibilisation, protection et vulgarisation aux travers d’expositions et autres manifestations,</p>\r\n<p>- Réflexion et pédagogie,</p>\r\n<p>- Promotion de la création artistique et plasticienne autour de l’image, tant du côté des auteurs que du côté public,</p>\r\n<p>- Réflexion et de pédagogie au sein de la profession, du grand public et des enseignants et universitaires, en vue de promouvoir la connaissance de la photographie et de ses dérivés, de ses modes de création et de ses différents modes d’expression,</p>\r\n<p>- Organisation de rencontres et d’échanges entre responsables publics et privés, professionnels de l’image, chercheurs et universitaires,</p>\r\n<p>- De collaboration, en toute indépendance, avec les institutions non gouvernementales ou gouvernementales qui œuvrent dans le même but,</p>\r\n<p>- Échanges avec des partenaires habituels : autres associations, photographes, éditeurs, festivals, institutions et pouvoirs publics, centres de formations professionnels, écoles et universités,</p>\r\n<p>- Action de sensibilisation de l’opinion publique aux problèmes environnementaux de notre littoral, et autres, au travers de l’image sous-marine,</p>\r\n<p>- Soutien à l’adoption de traités, conventions, lois et autres mesures propres à garantir la protection des fonds marins.</p>\r\n<p> </p>\r\n<h1><span style=\"font-size: medium;\">Les moyens d’action de l’association \'\' Les Aquanautes \'\' :</span></h1>\r\n<p>- Les expositions, les publications, les conférences, l’organisation de toutes manifestations,</p>\r\n<p>- La création de tous moyens d’information et d’études, l’édition de brochures, ou bulletins, sur tous supports,</p>\r\n<p>- Les démarches et interventions dans l’intérêt de l’association, du public ou de ses membres, suivant tous les moyens décidés par le Conseil d’Administration,</p>\r\n<p>- L’éventuelle création et organisation de comités locaux,</p>\r\n<p>- La possibilité de créer un concours de photographie sous-marine, de participer à des remises de prix concours préexistants,</p>\r\n<p>- La création d’une banque de photographies sous-marines, constitué de dons d’adhérents ou de non adhérents.</p>\r\n<p> </p>\r\n<p> </p>\r\n<p><span style=\"font-size: medium;\"><strong>Soutenez</strong> \'\' <strong>Les Aquanautes</strong> \'\'</span></p>\r\n<p>adhésion annuelle</p>\r\n<p>⇨ 10 euros : particulier</p>\r\n<p>⇨ 20 euros : association / organisation</p>\r\n<p>⇨ 40 euros (ou plus) : membre bienfaiteur</p>\r\n<p>télécharger le <a href=\"images/fiche%20dadhsion%20-%20aquanautes.pdf\" target=\"_blank\">bulletin d\'adhésion</a>.</p>\r\n<p>Pour tous renseignements complémentaires, contactez :</p>\r\n<p>  </p>\r\n<p>Les Aquanautes</p>\r\n<p>21 Rue des Palmiers</p>\r\n<p>06600 Antibes</p>\r\n<p>contact@lesaquanautes.eu</p>\r\n<p>Site web : www.lesaquanautes.eu</p>\r\n<p> </p>', '', '1', '0', '0', '8', '2012-09-21 18:55:09', '42', '', '2012-11-06 18:06:10', '43', '43', '2012-11-06 18:06:29', '2012-09-21 18:55:09', '0000-00-00 00:00:00', '{\"image_intro\":\"\",\"float_intro\":\"\",\"image_intro_alt\":\"\",\"image_intro_caption\":\"\",\"image_fulltext\":\"\",\"float_fulltext\":\"\",\"image_fulltext_alt\":\"\",\"image_fulltext_caption\":\"\"}', '{\"urla\":null,\"urlatext\":\"\",\"targeta\":\"\",\"urlb\":null,\"urlbtext\":\"\",\"targetb\":\"\",\"urlc\":null,\"urlctext\":\"\",\"targetc\":\"\"}', '{\"show_title\":\"\",\"link_titles\":\"\",\"show_intro\":\"\",\"show_category\":\"\",\"link_category\":\"\",\"show_parent_category\":\"\",\"link_parent_category\":\"\",\"show_author\":\"\",\"link_author\":\"\",\"show_create_date\":\"\",\"show_modify_date\":\"\",\"show_publish_date\":\"\",\"show_item_navigation\":\"\",\"show_icons\":\"\",\"show_print_icon\":\"\",\"show_email_icon\":\"\",\"show_vote\":\"\",\"show_hits\":\"\",\"show_noauth\":\"\",\"urls_position\":\"\",\"alternative_readmore\":\"\",\"article_layout\":\"\",\"show_publishing_options\":\"\",\"show_article_options\":\"\",\"show_urls_images_backend\":\"\",\"show_urls_images_frontend\":\"\"}', '23', '0', '0', '', '', '1', '119', '{\"robots\":\"\",\"author\":\"\",\"rights\":\"\",\"xreference\":\"\"}', '0', '*', ''), ('16', '61', 'Patrick Jamme', 'patrickjamme', '', '', '\r\n<p> </p>\r\n<p><em>Inspecteur dans les télécommunications, responsable de domaines logistiques et techniques.</em></p>\r\n<p><em><br /></em></p>\r\n<p>Il se sent de plus en plus impliqué dans la préservation et la sauvegarde de l’environnement et du milieu marin. Très curieux de nature, a très envie de s’impliquer dans le voyage des « Aquanautes ». </p>', '1', '0', '0', '11', '2012-09-16 20:31:42', '42', '', '2012-10-11 17:21:49', '43', '0', '0000-00-00 00:00:00', '2012-09-16 20:31:42', '0000-00-00 00:00:00', '{\"image_intro\":\"images\\/membres\\/patrickJamme.jpg\",\"float_intro\":\"none\",\"image_intro_alt\":\"\",\"image_intro_caption\":\"Membre Fondateur\",\"image_fulltext\":\"images\\/membres\\/patrickJamme-large.jpg\",\"float_fulltext\":\"none\",\"image_fulltext_alt\":\"\",\"image_fulltext_caption\":\"Membre Fondateur\"}', '{\"urla\":null,\"urlatext\":\"\",\"targeta\":\"\",\"urlb\":null,\"urlbtext\":\"\",\"targetb\":\"\",\"urlc\":null,\"urlctext\":\"\",\"targetc\":\"\"}', '{\"show_title\":\"\",\"link_titles\":\"\",\"show_intro\":\"\",\"show_category\":\"\",\"link_category\":\"\",\"show_parent_category\":\"\",\"link_parent_category\":\"\",\"show_author\":\"\",\"link_author\":\"\",\"show_create_date\":\"\",\"show_modify_date\":\"\",\"show_publish_date\":\"\",\"show_item_navigation\":\"\",\"show_icons\":\"\",\"show_print_icon\":\"\",\"show_email_icon\":\"\",\"show_vote\":\"\",\"show_hits\":\"\",\"show_noauth\":\"\",\"urls_position\":\"\",\"alternative_readmore\":\"En savoir plus...\",\"article_layout\":\"\",\"show_publishing_options\":\"\",\"show_article_options\":\"\",\"show_urls_images_backend\":\"\",\"show_urls_images_frontend\":\"\"}', '5', '0', '0', '', '', '1', '8', '{\"robots\":\"\",\"author\":\"\",\"rights\":\"\",\"xreference\":\"\"}', '0', '*', ''), ('17', '63', 'Nouvelle expo', 'newexpo', '', '<p> </p>\r\n<p>Beintôt une nouvelle expo de la mort...</p>', '', '-2', '0', '0', '17', '2012-09-22 20:47:38', '42', '', '0000-00-00 00:00:00', '0', '0', '0000-00-00 00:00:00', '2012-09-22 20:47:38', '0000-00-00 00:00:00', '{\"image_intro\":\"\",\"float_intro\":\"\",\"image_intro_alt\":\"\",\"image_intro_caption\":\"\",\"image_fulltext\":\"\",\"float_fulltext\":\"\",\"image_fulltext_alt\":\"\",\"image_fulltext_caption\":\"\"}', '{\"urla\":null,\"urlatext\":\"\",\"targeta\":\"\",\"urlb\":null,\"urlbtext\":\"\",\"targetb\":\"\",\"urlc\":null,\"urlctext\":\"\",\"targetc\":\"\"}', '{\"show_title\":\"\",\"link_titles\":\"\",\"show_intro\":\"\",\"show_category\":\"\",\"link_category\":\"\",\"show_parent_category\":\"\",\"link_parent_category\":\"\",\"show_author\":\"\",\"link_author\":\"\",\"show_create_date\":\"\",\"show_modify_date\":\"\",\"show_publish_date\":\"\",\"show_item_navigation\":\"\",\"show_icons\":\"\",\"show_print_icon\":\"\",\"show_email_icon\":\"\",\"show_vote\":\"\",\"show_hits\":\"\",\"show_noauth\":\"\",\"urls_position\":\"\",\"alternative_readmore\":\"\",\"article_layout\":\"\",\"show_publishing_options\":\"\",\"show_article_options\":\"\",\"show_urls_images_backend\":\"\",\"show_urls_images_frontend\":\"\"}', '1', '0', '5', '', '', '1', '3', '{\"robots\":\"\",\"author\":\"\",\"rights\":\"\",\"xreference\":\"\"}', '0', '*', ''), ('18', '66', 'nouvelle expo', 'nouvelleexpo', '', '<p>expo tel jour tel truc</p>', '', '-2', '0', '0', '2', '2012-09-22 22:10:56', '43', '', '0000-00-00 00:00:00', '0', '0', '0000-00-00 00:00:00', '2012-09-22 22:10:56', '0000-00-00 00:00:00', '{\"image_intro\":\"\",\"float_intro\":\"\",\"image_intro_alt\":\"\",\"image_intro_caption\":\"\",\"image_fulltext\":\"\",\"float_fulltext\":\"\",\"image_fulltext_alt\":\"\",\"image_fulltext_caption\":\"\"}', '{\"urla\":null,\"urlatext\":\"\",\"targeta\":\"\",\"urlb\":null,\"urlbtext\":\"\",\"targetb\":\"\",\"urlc\":null,\"urlctext\":\"\",\"targetc\":\"\"}', '{\"show_title\":\"\",\"link_titles\":\"\",\"show_intro\":\"\",\"show_category\":\"\",\"link_category\":\"\",\"show_parent_category\":\"\",\"link_parent_category\":\"\",\"show_author\":\"\",\"link_author\":\"\",\"show_create_date\":\"\",\"show_modify_date\":\"\",\"show_publish_date\":\"\",\"show_item_navigation\":\"\",\"show_icons\":\"\",\"show_print_icon\":\"\",\"show_email_icon\":\"\",\"show_vote\":\"\",\"show_hits\":\"\",\"show_noauth\":\"\",\"urls_position\":\"\",\"alternative_readmore\":\"\",\"article_layout\":\"\",\"show_publishing_options\":\"\",\"show_article_options\":\"\",\"show_urls_images_backend\":\"\",\"show_urls_images_frontend\":\"\"}', '1', '0', '0', '', '', '1', '1', '{\"robots\":\"\",\"author\":\"\",\"rights\":\"\",\"xreference\":\"\"}', '0', '*', ''), ('19', '67', 'nouvelle expo', 'nouvelleexpo', '', '<p>expo tel jour tel truc</p>', '', '-2', '0', '0', '17', '2012-09-22 22:11:18', '43', '', '0000-00-00 00:00:00', '0', '0', '0000-00-00 00:00:00', '2012-09-22 22:11:18', '0000-00-00 00:00:00', '{\"image_intro\":\"\",\"float_intro\":\"\",\"image_intro_alt\":\"\",\"image_intro_caption\":\"\",\"image_fulltext\":\"\",\"float_fulltext\":\"\",\"image_fulltext_alt\":\"\",\"image_fulltext_caption\":\"\"}', '{\"urla\":null,\"urlatext\":\"\",\"targeta\":\"\",\"urlb\":null,\"urlbtext\":\"\",\"targetb\":\"\",\"urlc\":null,\"urlctext\":\"\",\"targetc\":\"\"}', '{\"show_title\":\"\",\"link_titles\":\"\",\"show_intro\":\"\",\"show_category\":\"\",\"link_category\":\"\",\"show_parent_category\":\"\",\"link_parent_category\":\"\",\"show_author\":\"\",\"link_author\":\"\",\"show_create_date\":\"\",\"show_modify_date\":\"\",\"show_publish_date\":\"\",\"show_item_navigation\":\"\",\"show_icons\":\"\",\"show_print_icon\":\"\",\"show_email_icon\":\"\",\"show_vote\":\"\",\"show_hits\":\"\",\"show_noauth\":\"\",\"urls_position\":\"\",\"alternative_readmore\":\"\",\"article_layout\":\"\",\"show_publishing_options\":\"\",\"show_article_options\":\"\",\"show_urls_images_backend\":\"\",\"show_urls_images_frontend\":\"\"}', '1', '0', '4', '', '', '1', '0', '{\"robots\":\"\",\"author\":\"\",\"rights\":\"\",\"xreference\":\"\"}', '0', '*', ''), ('21', '69', 'Le Comité photographique', 'le-comite-photographique', '', '<p>Christian Henlé :</p>\r\n<p>Karim Smaoui :</p>\r\n<p>Anthony Berberian :</p>\r\n<p>Elodie Turpin :</p>\r\n<p>Claude Ruff :</p>\r\n<p>Jean-Michel Mille :</p>\r\n<p>Adrien Weckel :</p>\r\n<p>Alain-Pierre Sittler :</p>\r\n<p>Marie Ramm :</p>\r\n<p>Emmanuel Mosser :</p>\r\n<p>Jean-Lou Ferretti</p>\r\n<p>Vélérie Ferretti</p>\r\n<p>Christian Gelpi :</p>\r\n<p>François Würz :</p>\r\n<p>Marc Rossani :</p>\r\n<p>Pascal Trélut :</p>\r\n<p>Stéphane Elliott :</p>\r\n<p>Stéphane jamme :</p>\r\n<p> </p>', '', '-2', '0', '0', '15', '2012-10-29 18:29:42', '43', '', '0000-00-00 00:00:00', '0', '0', '0000-00-00 00:00:00', '2012-10-29 18:29:42', '0000-00-00 00:00:00', '', '', '', '1', '0', '1', '', '', '1', '3', '', '0', '*', ''), ('22', '70', '4èmes Trophées de la Ville de Nice', '4emes-trophees-de-la-ville-de-nice', '', '<p>Les Aquanautes ont déposé un dossier de partenariat en s’inscrivant aux 4<sup>èmes</sup> Trophées de l’environnement de la ville de Nice.</p>\r\n', '\r\n<p> </p>\r\n<p>La Vile de Nice propose une aide financière pour la réalisation de projets liés à l’environnement.</p>\r\n<p>Les Aquanautes proposent une exposition de photographies sous-marines accompagnée de supports pédagogiques. Voir tous les détails du projet dans le <a href=\"images/Dossier%20de%20partenariat%20-%20Aquanautes.pdf\" target=\"_blank\">dossier</a>.</p>\r\n<p style=\"text-align: center;\"><img src=\"images/articles/4emes-trophees-de-la-ville-de-nice/tropheenice.jpg\" border=\"0\" alt=\"\" /></p>', '1', '0', '0', '17', '2012-10-30 22:31:59', '43', '', '2012-10-31 08:37:24', '42', '0', '0000-00-00 00:00:00', '2012-10-30 22:32:13', '0000-00-00 00:00:00', '{\"image_intro\":\"\",\"float_intro\":\"\",\"image_intro_alt\":\"\",\"image_intro_caption\":\"\",\"image_fulltext\":\"\",\"float_fulltext\":\"\",\"image_fulltext_alt\":\"\",\"image_fulltext_caption\":\"\"}', '{\"urla\":null,\"urlatext\":\"\",\"targeta\":\"\",\"urlb\":null,\"urlbtext\":\"\",\"targetb\":\"\",\"urlc\":null,\"urlctext\":\"\",\"targetc\":\"\"}', '{\"show_title\":\"\",\"link_titles\":\"\",\"show_intro\":\"\",\"show_category\":\"\",\"link_category\":\"\",\"show_parent_category\":\"\",\"link_parent_category\":\"\",\"show_author\":\"\",\"link_author\":\"\",\"show_create_date\":\"\",\"show_modify_date\":\"\",\"show_publish_date\":\"\",\"show_item_navigation\":\"\",\"show_icons\":\"\",\"show_print_icon\":\"\",\"show_email_icon\":\"\",\"show_vote\":\"\",\"show_hits\":\"\",\"show_noauth\":\"\",\"urls_position\":\"\",\"alternative_readmore\":\"\",\"article_layout\":\"\",\"show_publishing_options\":\"\",\"show_article_options\":\"\",\"show_urls_images_backend\":\"\",\"show_urls_images_frontend\":\"\"}', '4', '0', '4', '', '', '1', '13', '{\"robots\":\"\",\"author\":\"\",\"rights\":\"\",\"xreference\":\"\"}', '0', '*', ''), ('23', '71', 'Christian Gelpi', 'christian-gelpi', '', '<p><img src=\"images/articles/christian-gelpi/PastedGraphic-1.jpg\" border=\"0\" alt=\"\" style=\"vertical-align: middle;\" /> © Christian Gelpi 2012</p>\r\n<p>Photographe sous-marin de talent, membre des Aquanautes, <strong>Christian Gelpi</strong> termine second lors de la 1<sup>ère</sup>  Coupe du Var le 13 octobre 2012 à La Seyne-sur-mer.</p>\r\n', '\r\n<p> </p>\r\n<p>Compétition de photographie sous-marine de faune fixée ou mobile sur le thème particulier de l’émotion animalière.</p>\r\n<p> « Salut à tous, […] une journée magnifique, très conviviale et formatrice. J\'en profite aussi pour remercier Jean-Lou Ferretti pour m\'avoir parlé de ce concours et plus globalement pour tous ses conseils avisés. Valérie Ferretti pour avoir \"apprivoisé\" voire \"amadoué\" cette murène et ses crevettes auxquelles je dois cette deuxième place, et enfin a Manu pour m\'avoir confié son flash que je lui ramène en excellent état et tout auréolé.»</p>\r\n<p> </p>\r\n<p> <img src=\"images/articles/christian-gelpi/DSC_0821.jpg\" border=\"0\" alt=\"\" style=\"display: block; margin-left: auto; margin-right: auto;\" /></p>\r\n<p><img src=\"images/articles/christian-gelpi/DSC_0828.jpg\" border=\"0\" alt=\"\" style=\"display: block; margin-left: auto; margin-right: auto;\" /></p>\r\n<p><img src=\"images/articles/christian-gelpi/DSC_0865.jpg\" border=\"0\" alt=\"\" style=\"display: block; margin-left: auto; margin-right: auto;\" /></p>\r\n<p><img src=\"images/articles/christian-gelpi/DSC_0959.jpg\" border=\"0\" alt=\"\" style=\"display: block; margin-left: auto; margin-right: auto;\" /></p>\r\n<p><img src=\"images/articles/christian-gelpi/DSC_1030.jpg\" border=\"0\" alt=\"\" style=\"display: block; margin-left: auto; margin-right: auto;\" /></p>\r\n<p> </p>\r\n<p>vous pouvez voir quelques-unes de ses images aux liens suivants : <a href=\"http://doris.ffessm.fr/contact_fiche.asp?contact_numero=78\" target=\"_blank\">lien 1</a>, <a href=\"http://www.salon-de-la-plongee.com/fr/univers-de-la-plongee/galerie-de-photographe/489.html\" target=\"_blank\">lien 2</a></p>\r\n<p> </p>\r\n<h3 style=\"text-align: center;\"><img src=\"images/articles/christian-gelpi/photo.JPG\" border=\"0\" alt=\"\" style=\"display: block; margin-left: auto; margin-right: auto;\" /></h3>\r\n<p style=\"text-align: center;\"><strong>Félicitations !</strong></p>', '1', '0', '0', '17', '2012-10-30 23:25:28', '43', '', '2012-10-31 09:05:27', '42', '43', '2012-11-09 17:39:57', '2012-10-30 23:25:33', '0000-00-00 00:00:00', '{\"image_intro\":\"\",\"float_intro\":\"\",\"image_intro_alt\":\"\",\"image_intro_caption\":\"\",\"image_fulltext\":\"\",\"float_fulltext\":\"\",\"image_fulltext_alt\":\"\",\"image_fulltext_caption\":\"\"}', '{\"urla\":null,\"urlatext\":\"\",\"targeta\":\"\",\"urlb\":null,\"urlbtext\":\"\",\"targetb\":\"\",\"urlc\":null,\"urlctext\":\"\",\"targetc\":\"\"}', '{\"show_title\":\"\",\"link_titles\":\"\",\"show_intro\":\"\",\"show_category\":\"\",\"link_category\":\"\",\"show_parent_category\":\"\",\"link_parent_category\":\"\",\"show_author\":\"\",\"link_author\":\"\",\"show_create_date\":\"\",\"show_modify_date\":\"\",\"show_publish_date\":\"\",\"show_item_navigation\":\"\",\"show_icons\":\"\",\"show_print_icon\":\"\",\"show_email_icon\":\"\",\"show_vote\":\"\",\"show_hits\":\"\",\"show_noauth\":\"\",\"urls_position\":\"\",\"alternative_readmore\":\"\",\"article_layout\":\"\",\"show_publishing_options\":\"\",\"show_article_options\":\"\",\"show_urls_images_backend\":\"\",\"show_urls_images_frontend\":\"\"}', '8', '0', '5', '', '', '1', '13', '{\"robots\":\"\",\"author\":\"\",\"rights\":\"\",\"xreference\":\"\"}', '0', '*', ''), ('24', '72', 'Partenariat - AquaScience', 'partenariat-aquascience', '', '<p style=\"text-align: left;\"><img src=\"images/articles/partenariat-aquascience/Logo_AQS-petit.jpg\" border=\"0\" width=\"99\" height=\"70\" style=\"vertical-align: middle;\" />L\'association <a href=\"http://www.aquascienceunsa.org/\" target=\"_blank\">AquaScience</a> devient partenaire des Aquanautes.</p>\r\n', '\r\n<p> </p>\r\n<p> </p>\r\n<p>À l\'occasion de l\'Assemblé Générale d\'AquaScience qui aura lieu le mercredi 7 novembre 2012, les Aquanautes sont invités pour présenter leur association.</p>\r\n<p> </p>\r\n<p><img src=\"images/articles/partenariat-aquascience/AG2012.jpg\" border=\"0\" width=\"283\" height=\"401\" style=\"display: block; margin-left: auto; margin-right: auto;\" /></p>\r\n<p> </p>\r\n<p><img src=\"images/articles/partenariat-aquascience/Logo_AQS.jpg\" border=\"0\" style=\"display: block; margin-left: auto; margin-right: auto;\" /></p>', '1', '0', '0', '17', '2012-10-31 00:04:34', '43', '', '2012-11-06 10:02:56', '43', '43', '2012-11-09 17:37:53', '2012-10-31 00:04:38', '0000-00-00 00:00:00', '{\"image_intro\":\"\",\"float_intro\":\"\",\"image_intro_alt\":\"\",\"image_intro_caption\":\"\",\"image_fulltext\":\"\",\"float_fulltext\":\"\",\"image_fulltext_alt\":\"\",\"image_fulltext_caption\":\"\"}', '{\"urla\":null,\"urlatext\":\"\",\"targeta\":\"\",\"urlb\":null,\"urlbtext\":\"\",\"targetb\":\"\",\"urlc\":null,\"urlctext\":\"\",\"targetc\":\"\"}', '{\"show_title\":\"\",\"link_titles\":\"\",\"show_intro\":\"\",\"show_category\":\"\",\"link_category\":\"\",\"show_parent_category\":\"\",\"link_parent_category\":\"\",\"show_author\":\"\",\"link_author\":\"\",\"show_create_date\":\"\",\"show_modify_date\":\"\",\"show_publish_date\":\"\",\"show_item_navigation\":\"\",\"show_icons\":\"\",\"show_print_icon\":\"\",\"show_email_icon\":\"\",\"show_vote\":\"\",\"show_hits\":\"\",\"show_noauth\":\"\",\"urls_position\":\"\",\"alternative_readmore\":\"\",\"article_layout\":\"\",\"show_publishing_options\":\"\",\"show_article_options\":\"\",\"show_urls_images_backend\":\"\",\"show_urls_images_frontend\":\"\"}', '11', '0', '3', '', '', '1', '25', '{\"robots\":\"\",\"author\":\"\",\"rights\":\"\",\"xreference\":\"\"}', '0', '*', ''), ('25', '74', 'AquaScience', 'aquascience', '', '<p><a href=\"http://www.aquascienceunsa.org\" target=\"_blank\" title=\"Aquascience\"><img src=\"images/partenaires/Logo_AQS.jpg\" border=\"0\" width=\"295\" height=\"208\" style=\"display: block; margin-left: auto; margin-right: auto;\" /></a></p>', '', '1', '0', '0', '20', '2012-10-31 00:04:34', '43', '', '2012-11-06 11:44:29', '42', '0', '0000-00-00 00:00:00', '2012-10-31 00:04:38', '0000-00-00 00:00:00', '{\"image_intro\":\"\",\"float_intro\":\"\",\"image_intro_alt\":\"\",\"image_intro_caption\":\"\",\"image_fulltext\":\"\",\"float_fulltext\":\"\",\"image_fulltext_alt\":\"\",\"image_fulltext_caption\":\"\"}', '{\"urla\":null,\"urlatext\":\"\",\"targeta\":\"\",\"urlb\":null,\"urlbtext\":\"\",\"targetb\":\"\",\"urlc\":null,\"urlctext\":\"\",\"targetc\":\"\"}', '{\"show_title\":\"\",\"link_titles\":\"\",\"show_intro\":\"\",\"show_category\":\"\",\"link_category\":\"\",\"show_parent_category\":\"\",\"link_parent_category\":\"\",\"show_author\":\"\",\"link_author\":\"\",\"show_create_date\":\"\",\"show_modify_date\":\"\",\"show_publish_date\":\"\",\"show_item_navigation\":\"\",\"show_icons\":\"\",\"show_print_icon\":\"\",\"show_email_icon\":\"\",\"show_vote\":\"\",\"show_hits\":\"\",\"show_noauth\":\"\",\"urls_position\":\"\",\"alternative_readmore\":\"\",\"article_layout\":\"\",\"show_publishing_options\":\"\",\"show_article_options\":\"\",\"show_urls_images_backend\":\"\",\"show_urls_images_frontend\":\"\"}', '4', '0', '3', '', '', '1', '1', '{\"robots\":\"\",\"author\":\"\",\"rights\":\"\",\"xreference\":\"\"}', '0', '*', ''), ('26', '75', 'Le Comité photographique', 'comite-photographique', '', '<p><strong><strong>Anthony Berberian</strong> : <a href=\"http://www.nuditahiti.com\" target=\"_blank\">lien vers son site</a></strong></p>\r\n<p><strong><strong>Stéphane Elliott</strong> : <a href=\"http://doris.ffessm.fr/contact_fiche.asp?contact_numero=118\" target=\"_blank\">lien vers ses images</a></strong></p>\r\n<p><strong>Jean-Lou Ferretti</strong></p>\r\n<p><strong>Vélérie Ferretti</strong></p>\r\n<p><strong><strong>Christian Gelpi</strong> : <a href=\"http://doris.ffessm.fr/contact_fiche.asp?contact_numero=78\" target=\"_blank\">lien vers ses images</a>, <a href=\"http://www.salon-de-la-plongee.com/fr/univers-de-la-plongee/galerie-de-photographe/489.html\" target=\"_blank\">lien vers ses images</a></strong></p>\r\n<p><strong>Christian Henlé</strong> : <a href=\"http://www.facebook.com/media/set/?set=a.1004965815756.2002415.1573200455&amp;type=1\" target=\"_blank\">lien vers ses images</a></p>\r\n<p><strong>Jean-Michel Mille</strong> : <a href=\"http://jmille06.free.fr/Aqua_Sub_Dreams\" target=\"_blank\">lien vers son site</a></p>\r\n<p><strong>Emmanuel Mosser</strong> : <a href=\"http://www.mosser-architecte.com/fr/passion-photo-sous-marine/page-1.html\" target=\"_blank\">lien vers ses images</a></p>\r\n<p><strong>Marie Ramm</strong> : <a href=\"http://doris.ffessm.fr/contact_fiche.asp?contact_numero=428\" target=\"_blank\">lien vers ses images</a></p>\r\n<p><strong>Marc Rossani</strong></p>\r\n<p><strong>Claude Ruff</strong> : <a href=\"http://www.aquatilia.com\" target=\"_blank\">lien vers son site</a>, <a href=\"http://www.facebook.com/pages/Claude-Ruff-Photographe/103614843030104?ref=hl%20!\" target=\"_blank\">lien vers ses images</a></p>\r\n<p><strong>Alain-Pierre Sittler</strong> : <a href=\"http://doris.ffessm.fr/contact_fiche.asp?contact_numero=59\" target=\"_blank\">lien vers ses images</a></p>\r\n<p><strong>Karim Smaoui</strong> : <a href=\"http://www.terrenimages.com\" target=\"_blank\">lien vers son site</a></p>\r\n<p><strong>Pascal Trélut</strong> : <a href=\"http://doris.ffessm.fr/contact_fiche.asp?contact_numero=590\" target=\"_blank\">lien vers ses images</a></p>\r\n<p><strong><strong><span>É</span></strong>lodie Turpin</strong> : <a href=\"http://www.aquacine.net\" target=\"_blank\">lien vers son site</a></p>\r\n<p><strong>Adrien Weckel</strong> : <a href=\"https://picasaweb.google.com/adiweckel\" target=\"_blank\">lien vers ses images</a></p>\r\n<p><strong>François Würz</strong> : <a href=\"http://doris.ffessm.fr/contact_fiche.asp?contact_numero=813\" target=\"_blank\">lien vers ses images</a></p>\r\n<p><strong>Stéphane Jamme</strong> : <a href=\"http://doris.ffessm.fr/contact_fiche.asp?contact_numero=139\" target=\"_blank\">lien vers ses images</a></p>', '', '1', '0', '0', '15', '2012-11-06 10:57:45', '43', '', '2012-11-06 22:21:38', '43', '0', '0000-00-00 00:00:00', '2012-11-06 10:57:58', '0000-00-00 00:00:00', '{\"image_intro\":\"\",\"float_intro\":\"\",\"image_intro_alt\":\"\",\"image_intro_caption\":\"\",\"image_fulltext\":\"\",\"float_fulltext\":\"\",\"image_fulltext_alt\":\"\",\"image_fulltext_caption\":\"\"}', '{\"urla\":null,\"urlatext\":\"\",\"targeta\":\"\",\"urlb\":null,\"urlbtext\":\"\",\"targetb\":\"\",\"urlc\":null,\"urlctext\":\"\",\"targetc\":\"\"}', '{\"show_title\":\"\",\"link_titles\":\"\",\"show_intro\":\"\",\"show_category\":\"\",\"link_category\":\"\",\"show_parent_category\":\"\",\"link_parent_category\":\"\",\"show_author\":\"\",\"link_author\":\"\",\"show_create_date\":\"\",\"show_modify_date\":\"\",\"show_publish_date\":\"\",\"show_item_navigation\":\"\",\"show_icons\":\"\",\"show_print_icon\":\"\",\"show_email_icon\":\"\",\"show_vote\":\"\",\"show_hits\":\"\",\"show_noauth\":\"\",\"urls_position\":\"\",\"alternative_readmore\":\"\",\"article_layout\":\"\",\"show_publishing_options\":\"\",\"show_article_options\":\"\",\"show_urls_images_backend\":\"\",\"show_urls_images_frontend\":\"\"}', '4', '0', '0', '', '', '1', '3', '{\"robots\":\"\",\"author\":\"\",\"rights\":\"\",\"xreference\":\"\"}', '0', '*', ''), ('27', '76', 'Seaquarium', 'seaquarium', '', '<p><a href=\"http://www.seaquarium.fr/\" target=\"_blank\" title=\"Aquascience\"><img src=\"images/partenaires/logo_seaq.jpg\" border=\"0\" width=\"295\" height=\"208\" style=\"display: block; margin-left: auto; margin-right: auto;\" /></a></p>', '', '1', '0', '0', '20', '2012-10-31 00:04:34', '43', '', '2012-11-14 17:08:02', '43', '0', '0000-00-00 00:00:00', '2012-10-31 00:04:38', '0000-00-00 00:00:00', '{\"image_intro\":\"\",\"float_intro\":\"\",\"image_intro_alt\":\"\",\"image_intro_caption\":\"\",\"image_fulltext\":\"\",\"float_fulltext\":\"\",\"image_fulltext_alt\":\"\",\"image_fulltext_caption\":\"\"}', '{\"urla\":null,\"urlatext\":\"\",\"targeta\":\"\",\"urlb\":null,\"urlbtext\":\"\",\"targetb\":\"\",\"urlc\":null,\"urlctext\":\"\",\"targetc\":\"\"}', '{\"show_title\":\"\",\"link_titles\":\"\",\"show_intro\":\"\",\"show_category\":\"\",\"link_category\":\"\",\"show_parent_category\":\"\",\"link_parent_category\":\"\",\"show_author\":\"\",\"link_author\":\"\",\"show_create_date\":\"\",\"show_modify_date\":\"\",\"show_publish_date\":\"\",\"show_item_navigation\":\"\",\"show_icons\":\"\",\"show_print_icon\":\"\",\"show_email_icon\":\"\",\"show_vote\":\"\",\"show_hits\":\"\",\"show_noauth\":\"\",\"urls_position\":\"\",\"alternative_readmore\":\"\",\"article_layout\":\"\",\"show_publishing_options\":\"\",\"show_article_options\":\"\",\"show_urls_images_backend\":\"\",\"show_urls_images_frontend\":\"\"}', '4', '0', '2', '', '', '1', '0', '{\"robots\":\"\",\"author\":\"\",\"rights\":\"\",\"xreference\":\"\"}', '0', '*', ''), ('28', '77', 'Karim Smaoui', 'karim-smaoui', '', '<p>Photographe de nature, membre des Aquanautes, passionné par les oiseux, entre autres, il nous montre au travers de quelques-uns de ces clichés époustouflants la faune aérienne de nos étangs de bord de mer.</p>\r\n', '\r\n<p>Détenteur d’une magnifique collection que vous pouvez découvrir au lien suivant : <a href=\"http://www.terrenimages.com/\" target=\"_blank\">terrenimages</a>.</p>\r\n<p> </p>\r\n<p> <img src=\"images\\articles\\explorimages2012\\infront.jpg\" border=\"0\" width=\"600\" height=\"409\" style=\"display: block; margin-left: auto; margin-right: auto;\" /></p>\r\n<p><em> </em></p>\r\n<p><em> </em></p>\r\n<p><em><img src=\"images\\articles\\explorimages2012\\attaque.jpg\" border=\"0\" width=\"600\" height=\"412\" style=\"display: block; margin-left: auto; margin-right: auto;\" /></em></p>\r\n<p> </p>\r\n<p> </p>\r\n<p><em>« Salut, je vous rappelle que le festival photos/films, <a href=\"http://explorimages.blogspot.fr/\" target=\"_blank\"><strong>Explorimages</strong></a> se tiendra au Parc Phoenix à Nice, ce weekend, les 9,10 et 11 novembre 2012.</em><em><br /> Pour ma part, j\'exposerai quelques-unes de mes photos.<br /> Merci de votre intérêt, Karim.</em></p>\r\n<p><br /> <em>Visitez mon site d\'images</em> : <a href=\"http://www.terrenimages.com/\" target=\"_blank\">www.terrenimages.com</a><br /> <em>Karim Smaoui - Auteur Photographe. »</em></p>', '1', '0', '0', '17', '2012-11-09 17:37:42', '43', '', '2012-11-15 10:53:28', '43', '0', '0000-00-00 00:00:00', '2012-11-09 17:37:42', '0000-00-00 00:00:00', '{\"image_intro\":\"\",\"float_intro\":\"\",\"image_intro_alt\":\"\",\"image_intro_caption\":\"\",\"image_fulltext\":\"\",\"float_fulltext\":\"\",\"image_fulltext_alt\":\"\",\"image_fulltext_caption\":\"\"}', '{\"urla\":null,\"urlatext\":\"\",\"targeta\":\"\",\"urlb\":null,\"urlbtext\":\"\",\"targetb\":\"\",\"urlc\":null,\"urlctext\":\"\",\"targetc\":\"\"}', '{\"show_title\":\"\",\"link_titles\":\"\",\"show_intro\":\"\",\"show_category\":\"\",\"link_category\":\"\",\"show_parent_category\":\"\",\"link_parent_category\":\"\",\"show_author\":\"\",\"link_author\":\"\",\"show_create_date\":\"\",\"show_modify_date\":\"\",\"show_publish_date\":\"\",\"show_item_navigation\":\"\",\"show_icons\":\"\",\"show_print_icon\":\"\",\"show_email_icon\":\"\",\"show_vote\":\"\",\"show_hits\":\"\",\"show_noauth\":\"\",\"urls_position\":\"\",\"alternative_readmore\":\"\",\"article_layout\":\"\",\"show_publishing_options\":\"\",\"show_article_options\":\"\",\"show_urls_images_backend\":\"\",\"show_urls_images_frontend\":\"\"}', '8', '0', '2', '', '', '1', '28', '{\"robots\":\"\",\"author\":\"\",\"rights\":\"\",\"xreference\":\"\"}', '0', '*', ''), ('29', '78', 'Nuc Subaquatique', 'nuc-subaquatique', '', '<p><img src=\"images/partenaires/logo_NUCsub.jpg\" border=\"0\" width=\"295\" height=\"208\" style=\"display: block; margin-left: auto; margin-right: auto;\" /></p>', '', '1', '0', '0', '20', '2012-11-13 09:00:00', '43', '', '2012-11-13 08:57:03', '42', '0', '0000-00-00 00:00:00', '2012-11-13 09:00:00', '0000-00-00 00:00:00', '{\"image_intro\":\"\",\"float_intro\":\"\",\"image_intro_alt\":\"\",\"image_intro_caption\":\"\",\"image_fulltext\":\"\",\"float_fulltext\":\"\",\"image_fulltext_alt\":\"\",\"image_fulltext_caption\":\"\"}', '{\"urla\":null,\"urlatext\":\"\",\"targeta\":\"\",\"urlb\":null,\"urlbtext\":\"\",\"targetb\":\"\",\"urlc\":null,\"urlctext\":\"\",\"targetc\":\"\"}', '{\"show_title\":\"\",\"link_titles\":\"\",\"show_intro\":\"\",\"show_category\":\"\",\"link_category\":\"\",\"show_parent_category\":\"\",\"link_parent_category\":\"\",\"show_author\":\"\",\"link_author\":\"\",\"show_create_date\":\"\",\"show_modify_date\":\"\",\"show_publish_date\":\"\",\"show_item_navigation\":\"\",\"show_icons\":\"\",\"show_print_icon\":\"\",\"show_email_icon\":\"\",\"show_vote\":\"\",\"show_hits\":\"\",\"show_noauth\":\"\",\"urls_position\":\"\",\"alternative_readmore\":\"\",\"article_layout\":\"\",\"show_publishing_options\":\"\",\"show_article_options\":\"\",\"show_urls_images_backend\":\"\",\"show_urls_images_frontend\":\"\"}', '2', '0', '1', '', '', '1', '2', '{\"robots\":\"\",\"author\":\"\",\"rights\":\"\",\"xreference\":\"\"}', '0', '*', ''), ('30', '79', 'Théâtre Le Tribunal', 'tribunal', '', '<p><a href=\"http://www.theatre-tribunal.fr/\" target=\"_blank\" title=\"Théatre Tribunal\"><img src=\"images/partenaires/logo_theatreTrib.jpg\" border=\"0\" width=\"295\" height=\"208\" style=\"display: block; margin-left: auto; margin-right: auto;\" /></a></p>', '', '1', '0', '0', '20', '2012-11-13 09:00:00', '43', '', '2012-11-13 16:26:16', '43', '0', '0000-00-00 00:00:00', '2012-11-13 09:00:00', '0000-00-00 00:00:00', '{\"image_intro\":\"\",\"float_intro\":\"\",\"image_intro_alt\":\"\",\"image_intro_caption\":\"\",\"image_fulltext\":\"\",\"float_fulltext\":\"\",\"image_fulltext_alt\":\"\",\"image_fulltext_caption\":\"\"}', '{\"urla\":null,\"urlatext\":\"\",\"targeta\":\"\",\"urlb\":null,\"urlbtext\":\"\",\"targetb\":\"\",\"urlc\":null,\"urlctext\":\"\",\"targetc\":\"\"}', '{\"show_title\":\"\",\"link_titles\":\"\",\"show_intro\":\"\",\"show_category\":\"\",\"link_category\":\"\",\"show_parent_category\":\"\",\"link_parent_category\":\"\",\"show_author\":\"\",\"link_author\":\"\",\"show_create_date\":\"\",\"show_modify_date\":\"\",\"show_publish_date\":\"\",\"show_item_navigation\":\"\",\"show_icons\":\"\",\"show_print_icon\":\"\",\"show_email_icon\":\"\",\"show_vote\":\"\",\"show_hits\":\"\",\"show_noauth\":\"\",\"urls_position\":\"\",\"alternative_readmore\":\"\",\"article_layout\":\"\",\"show_publishing_options\":\"\",\"show_article_options\":\"\",\"show_urls_images_backend\":\"\",\"show_urls_images_frontend\":\"\"}', '3', '0', '0', '', '', '1', '2', '{\"robots\":\"\",\"author\":\"\",\"rights\":\"\",\"xreference\":\"\"}', '0', '*', ''), ('31', '80', 'Tortues Marines de Méditerranée', 'tortue-med', '', '<p>Les Aquanautes s’engagent dans la lutte de sauvegarde et de préservation des Tortues Marines en Mer Méditerranée. </p>\r\n', '\r\n<p>Dans le cadre de la campagne de sauvegarde des tortues marines du <a href=\"images\\actions\\Tortues_Med\\RTMMF.pdf\" target=\"_blank\"><em>Réseau Tortues marines de Méditerranée française</em></a> (R.T.M.M.F.), les observateurs de tortues marines, vivantes, blessées ou mortes se doivent de faire remonter leurs informations jusqu\'au réseau.</p>\r\n<p> </p>\r\n<p>Pour cela, veuillez contacter le numéro suivant au <strong>06 16 86 26 86</strong>, en n’oubliant pas de remplir la <a href=\"images\\actions\\Tortues_Med\\Fiche_obs_tortue.pdf\" target=\"_blank\">fiche observateur</a>.</p>\r\n<p> </p>\r\n<p>Identifiez la tortue avec l’aide des <a href=\"images\\actions\\Tortues_Med\\clefs_ident.jpg\" target=\"_blank\">clefs de détermination</a>.</p>\r\n<p> </p>\r\n<p>Téléchargez l’<a href=\"images\\actions\\Tortues_Med\\af_tortue.jpg\" target=\"_blank\">affiche du réseau</a> pour l’apposer dans votre structure.</p>\r\n<p> </p>\r\n<p>N’hésitez pas à diffuser cet article, en vous remerciant de l\'intérêt que vous portez à ce projet.</p>\r\n<p> </p>\r\n<p>Relevés des observations :</p>\r\n<p> </p>\r\n<p>• Nom, adresse, tèl, courriel</p>\r\n<p>• Date de l’observation</p>\r\n<p>• Lieu de l’observation : longitude, latitude, distance de la côte</p>\r\n<p>• Circonstance de l’observation</p>\r\n<p>• Détermination de l’espèce (photos…)</p>\r\n<p>• Animal mort, vivant, blessé, bagué (numéro de bague)</p>\r\n<p> </p>\r\n<p> <a href=\"images\\actions\\Tortues_Med\\af_tortue.jpg\" target=\"_blank\"><img src=\"images/actions/Tortues_Med/af_tortue_red.jpg\" border=\"0\" alt=\"\" /></a></p>\r\n<p> </p>\r\n<p><a href=\"images\\actions\\Tortues_Med\\clefs_ident.jpg\" target=\"_blank\"><img src=\"images/actions/Tortues_Med/Clefs_ident_red.jpg\" border=\"0\" alt=\"\" /></a></p>', '1', '0', '0', '18', '2012-11-14 02:51:05', '43', '', '2012-11-15 10:26:01', '43', '43', '2012-11-15 10:59:40', '2012-11-14 02:51:05', '0000-00-00 00:00:00', '{\"image_intro\":\"\",\"float_intro\":\"\",\"image_intro_alt\":\"\",\"image_intro_caption\":\"\",\"image_fulltext\":\"\",\"float_fulltext\":\"\",\"image_fulltext_alt\":\"\",\"image_fulltext_caption\":\"\"}', '{\"urla\":null,\"urlatext\":\"\",\"targeta\":\"\",\"urlb\":null,\"urlbtext\":\"\",\"targetb\":\"\",\"urlc\":null,\"urlctext\":\"\",\"targetc\":\"\"}', '{\"show_title\":\"\",\"link_titles\":\"\",\"show_intro\":\"\",\"show_category\":\"\",\"link_category\":\"\",\"show_parent_category\":\"\",\"link_parent_category\":\"\",\"show_author\":\"\",\"link_author\":\"\",\"show_create_date\":\"\",\"show_modify_date\":\"\",\"show_publish_date\":\"\",\"show_item_navigation\":\"\",\"show_icons\":\"\",\"show_print_icon\":\"\",\"show_email_icon\":\"\",\"show_vote\":\"\",\"show_hits\":\"\",\"show_noauth\":\"\",\"urls_position\":\"\",\"alternative_readmore\":\"\",\"article_layout\":\"\",\"show_publishing_options\":\"\",\"show_article_options\":\"\",\"show_urls_images_backend\":\"\",\"show_urls_images_frontend\":\"\"}', '7', '0', '1', '', '', '1', '11', '{\"robots\":\"\",\"author\":\"\",\"rights\":\"\",\"xreference\":\"\"}', '0', '*', ''), ('32', '81', 'François Würz', 'photomenton', '', '<p>François Würz, membre des Aquanautes, photographe sous-marin, expose une série de clichés remarquables sur les requins blancs au large de la Basse-Californie autour de le l’île de Guadalupe. </p>\r\n', '\r\n<p> </p>\r\n<p> </p>\r\n<p>« <em>Salut,</em></p>\r\n<p><em> </em></p>\r\n<p><em>Le Festival de <a href=\"http://www.unmondedaventures.fr/presentation-du-festival-photomenton-edition-2012-du-17-au-25-novembre/\" target=\"_blank\"><strong>Photomenton</strong></a> se déroule du 17 au 25 novembre 2012 au Palais de l\'Europe à Menton (06). Il y a toutes sortes de photographes mais cela vaut vraiment le déplacement.</em></p>\r\n<p><em>J\'y exposerai personnellement.</em></p>\r\n<p><em>A+</em></p>\r\n<p><em>François Würz</em> »</p>\r\n<p> </p>\r\n<p><img src=\"images/articles/photomenton2012/DSC_4338copie1.jpg\" border=\"0\" alt=\"\" /></p>', '1', '0', '0', '17', '2012-11-14 17:21:20', '43', '', '2012-11-14 17:21:50', '43', '0', '0000-00-00 00:00:00', '2012-11-14 17:21:20', '0000-00-00 00:00:00', '{\"image_intro\":\"\",\"float_intro\":\"\",\"image_intro_alt\":\"\",\"image_intro_caption\":\"\",\"image_fulltext\":\"\",\"float_fulltext\":\"\",\"image_fulltext_alt\":\"\",\"image_fulltext_caption\":\"\"}', '{\"urla\":null,\"urlatext\":\"\",\"targeta\":\"\",\"urlb\":null,\"urlbtext\":\"\",\"targetb\":\"\",\"urlc\":null,\"urlctext\":\"\",\"targetc\":\"\"}', '{\"show_title\":\"\",\"link_titles\":\"\",\"show_intro\":\"\",\"show_category\":\"\",\"link_category\":\"\",\"show_parent_category\":\"\",\"link_parent_category\":\"\",\"show_author\":\"\",\"link_author\":\"\",\"show_create_date\":\"\",\"show_modify_date\":\"\",\"show_publish_date\":\"\",\"show_item_navigation\":\"\",\"show_icons\":\"\",\"show_print_icon\":\"\",\"show_email_icon\":\"\",\"show_vote\":\"\",\"show_hits\":\"\",\"show_noauth\":\"\",\"urls_position\":\"\",\"alternative_readmore\":\"\",\"article_layout\":\"\",\"show_publishing_options\":\"\",\"show_article_options\":\"\",\"show_urls_images_backend\":\"\",\"show_urls_images_frontend\":\"\"}', '2', '0', '1', '', '', '1', '3', '{\"robots\":\"\",\"author\":\"\",\"rights\":\"\",\"xreference\":\"\"}', '0', '*', ''), ('33', '82', 'Appel à témoins, Mérous et Corbs !', 'gem', '', '<p><strong>Mérous,</strong></p>\r\n<p>Le saviez-vous ?</p>\r\n<p>Le mérou brun n’est pas le seul Mérou de Méditerranée. Du détroit de Gibraltar au canal de Suez, on dénombre 9 autres espèces.</p>\r\n', '\r\n<p> </p>\r\n<p>Dans ce <a href=\"images\\actions\\gem\\fiches_identif.jpg\" target=\"_blank\">poster</a>, observez les détails d’identification et de détermination.</p>\r\n<p> <a href=\"images\\actions\\gem\\Fiches_identif.jpg\" target=\"_blank\"><img src=\"images/actions/gem/fiches_identif_red.jpg\" border=\"0\" alt=\"\" /></a></p>\r\n<p> </p>\r\n<p> </p>\r\n<p><a href=\"http://www.gemlemerou.org/cms/\" target=\"_blank\"><img src=\"images/actions/gem/logo_GEM.jpg\" border=\"0\" alt=\"\" align=\"left\" /></a>  En soutient de la campagne de sensibilisation du Mérou du <a href=\"http://www.gemlemerou.org/cms/\" target=\"_blank\"><em>Groupe d’Étude du    Mérou</em></a> (G.E.M.), nous recherchons des données d’observations sur les espèces, autres que le Mérou brun, <em>Epinephelus marginautus.</em></p>\r\n<p> </p>\r\n<p>  Veuillez contacter Les Aquanautes : <a href=\"mailto:contact@lesaquanautes.eu\">contact@lesaquanautes.eu</a> en fournissant vos données depuis la <a href=\"images\\actions\\gem\\Fiche_obs_GEM.pdf\" target=\"_blank\">fiche d’observateur</a>.</p>\r\n<p> </p>\r\n<p> </p>\r\n<p>« <em>[…] Dans un premier temps, je t\'envoie les derniers <a href=\"images\\actions\\gem\\MARGINATUS-numero-10.pdf\" target=\"_blank\">MARGINATUS n°10</a>, <a href=\"images\\actions\\gem\\MARGINATUS-numero-11.pdf\" target=\"_blank\">MARGINATUS n°11</a>.</em></p>\r\n<p><em>Si tu veux, tu peux faire des liens sur ton site ou diffuser. C\'est fait pour... Je termine actuellement le n° 12. Tu peux également mettre un lien avec le site du <a href=\"http://www.gemlemerou.org/cms/\" target=\"_blank\">G.E.M.</a>, si tu as souvent des demandes sur les mérous. […]</em></p>\r\n<p><em> </em><em>On se tient au courant.</em></p>\r\n<p><em> </em><em>Jean-Michel Cottalorda </em>»</p>\r\n<p> </p>\r\n<p><strong>Corbs,</strong></p>\r\n<p> </p>\r\n<p>Également, pour aider aux études en cours, il est remarqué une baisse des populations de Corbs, veuillez nous communiquer vos observations sur ce poisson.</p>\r\n<p> </p>\r\n<p><img src=\"images/actions/gem/SJ-Corb.jpg\" border=\"0\" alt=\"\" width=\"618\" height=\"412\" /></p>\r\n<p> </p>\r\n<p>Veuillez contacter Les Aquanautes : <a href=\"mailto:contact@lesaquanautes.eu\">contact@lesaquanautes.eu</a> en fournissant vos données depuis la <a href=\"images\\actions\\gem\\Fiche_obs_GEM.pdf\" target=\"_blank\">fiche d’observateur</a>.</p>\r\n<p> </p>\r\n<p><strong>Soyez sûrs que vos observations alimenteront les bases de données maintenues au G.E.M. et feront progresser nos connaissances des mérous de Méditerranée.</strong></p>', '1', '0', '0', '18', '2012-11-15 10:43:31', '43', '', '2012-11-15 15:00:04', '43', '0', '0000-00-00 00:00:00', '2012-11-15 10:43:31', '0000-00-00 00:00:00', '{\"image_intro\":\"\",\"float_intro\":\"\",\"image_intro_alt\":\"\",\"image_intro_caption\":\"\",\"image_fulltext\":\"\",\"float_fulltext\":\"\",\"image_fulltext_alt\":\"\",\"image_fulltext_caption\":\"\"}', '{\"urla\":null,\"urlatext\":\"\",\"targeta\":\"\",\"urlb\":null,\"urlbtext\":\"\",\"targetb\":\"\",\"urlc\":null,\"urlctext\":\"\",\"targetc\":\"\"}', '{\"show_title\":\"\",\"link_titles\":\"\",\"show_intro\":\"\",\"show_category\":\"\",\"link_category\":\"\",\"show_parent_category\":\"\",\"link_parent_category\":\"\",\"show_author\":\"\",\"link_author\":\"\",\"show_create_date\":\"\",\"show_modify_date\":\"\",\"show_publish_date\":\"\",\"show_item_navigation\":\"\",\"show_icons\":\"\",\"show_print_icon\":\"\",\"show_email_icon\":\"\",\"show_vote\":\"\",\"show_hits\":\"\",\"show_noauth\":\"\",\"urls_position\":\"\",\"alternative_readmore\":\"\",\"article_layout\":\"\",\"show_publishing_options\":\"\",\"show_article_options\":\"\",\"show_urls_images_backend\":\"\",\"show_urls_images_frontend\":\"\"}', '5', '0', '0', '', '', '1', '5', '{\"robots\":\"\",\"author\":\"\",\"rights\":\"\",\"xreference\":\"\"}', '0', '*', ''), ('34', '83', 'Photographes prometteurs !', 'concourscodep', '', '<p>Véronique, Benoit et Mario, membres des Aquanautes, ont présenté leurs photos lors du concours de photographies sous-marines départemental des Alpes-Maritimes organisé par la Commission audiovisuelle de la F.F.E.S.S.M. </p>\r\n', '\r\n<p> </p>\r\n<p>Tous trois passionnés du milieu sous-marin, ils en explorent les richesses et nous dévoilent :</p>\r\n<p> </p>\r\n<p><strong>Véronique Vion</strong> présente : le Téthys</p>\r\n<p><a href=\"http://doris.ffessm.fr/fiche2.asp?fiche_numero=686\" target=\"_blank\"><em>Téthys fimbria</em>,</a> le plus grand mollusque Nudibranche de Méditerranée. Capable de nager et de s’enterrer sous le sable avec l\'aide de sa tête en forme de disque.</p>\r\n<p>Ici, Subadulte photographié de nuit en pleine eau.</p>\r\n<p><img src=\"images/articles/concoursCODEP2012/VVIMG_9490 copie.jpg\" border=\"0\" alt=\"\" /></p>\r\n<p> </p>\r\n<p><strong>Benoit Riondy</strong> présente : la Crevette Drimo</p>\r\n<p><a href=\"http://doris.ffessm.fr/fiche2.asp?fiche_numero=334\" target=\"_blank\"><em>Gnathophyllum elegans</em></a>, crevette nocturne, très souvent associée avec un échinoderme.</p>\r\n<p>Ici, photographiée de nuit contre une étoile de mer rouge.</p>\r\n<p> <img src=\"images/articles/concoursCODEP2012/BRIMG_2930 copie.jpg\" border=\"0\" alt=\"\" /></p>\r\n<p><strong> </strong></p>\r\n<p><strong>Mario Moron</strong> présente : le Chapon</p>\r\n<p><a href=\"http://doris.ffessm.fr/fiche2.asp?fiche_numero=656\" target=\"_blank\"><em>Scorpaena scrofa</em></a>, poisson immobile, mimétique de son environnement, attend qu’une proie passe à proximité de sa gueule protractile</p>\r\n<p>Ici, photographié dans son habitat de prédilection, sous les surplombs des tombants sous-marins.</p>\r\n<p> <img src=\"images/articles/concoursCODEP2012/MM copie.jpg\" border=\"0\" alt=\"\" /></p>\r\n<p> </p>\r\n<p> </p>\r\n<p>« <em>Bonjour,</em></p>\r\n<p><em> </em></p>\r\n<p><em>Hier soir avait lieu la soirée des résultats du concours photo du CODEP06 (11/11/12).</em></p>\r\n<p><em>Le <a href=\"http://www.clubmoana.fr/\" target=\"_blank\"><strong>club Moana</strong></a> est arrivé ex aequo avec le <a href=\"http://www.nausicaa-plongee.com/\" target=\"_blank\"><strong>club</strong> <strong>Nausicaà</strong></a>, en nombre de photographes participants. […]</em></p>\r\n<p><em>Je ne connais pas le palmarès au complet mais Mario, Benoit et moi avons un accessit pour nos photos.</em></p>\r\n<p><em>Elles ne sont pas primées mais nous nous approchons du pas trop mal, pas trop flou, pas trop mal cadré...</em></p>\r\n<p><em>Enfin il y a encore du travail !!!!!!!!!!!!!!</em></p>\r\n<p><em>Nos photos sont jointes […]</em></p>\r\n<p><em>Bonne Soirée</em></p>\r\n<p><em> </em></p>\r\n<p><em>Véronique Vion</em> »</p>\r\n<p> </p>\r\n<p>Toutes nos félicitations et encouragements pour la suite.</p>', '1', '0', '0', '17', '2012-11-15 13:56:57', '43', '', '2012-11-15 14:52:43', '43', '0', '0000-00-00 00:00:00', '2012-11-15 13:56:57', '0000-00-00 00:00:00', '{\"image_intro\":\"\",\"float_intro\":\"\",\"image_intro_alt\":\"\",\"image_intro_caption\":\"\",\"image_fulltext\":\"\",\"float_fulltext\":\"\",\"image_fulltext_alt\":\"\",\"image_fulltext_caption\":\"\"}', '{\"urla\":null,\"urlatext\":\"\",\"targeta\":\"\",\"urlb\":null,\"urlbtext\":\"\",\"targetb\":\"\",\"urlc\":null,\"urlctext\":\"\",\"targetc\":\"\"}', '{\"show_title\":\"\",\"link_titles\":\"\",\"show_intro\":\"\",\"show_category\":\"\",\"link_category\":\"\",\"show_parent_category\":\"\",\"link_parent_category\":\"\",\"show_author\":\"\",\"link_author\":\"\",\"show_create_date\":\"\",\"show_modify_date\":\"\",\"show_publish_date\":\"\",\"show_item_navigation\":\"\",\"show_icons\":\"\",\"show_print_icon\":\"\",\"show_email_icon\":\"\",\"show_vote\":\"\",\"show_hits\":\"\",\"show_noauth\":\"\",\"urls_position\":\"\",\"alternative_readmore\":\"\",\"article_layout\":\"\",\"show_publishing_options\":\"\",\"show_article_options\":\"\",\"show_urls_images_backend\":\"\",\"show_urls_images_frontend\":\"\"}', '4', '0', '0', '', '', '1', '4', '{\"robots\":\"\",\"author\":\"\",\"rights\":\"\",\"xreference\":\"\"}', '0', '*', '');
DROP TABLE IF EXISTS `aqua_content_frontpage`;
CREATE TABLE `aqua_content_frontpage` (   `content_id` int(11) NOT NULL DEFAULT '0',   `ordering` int(11) NOT NULL DEFAULT '0',   PRIMARY KEY (`content_id`) ) ENGINE=MyISAM DEFAULT CHARSET=utf8;
INSERT INTO `aqua_content_frontpage` VALUES ('1', '1');
DROP TABLE IF EXISTS `aqua_content_rating`;
CREATE TABLE `aqua_content_rating` (   `content_id` int(11) NOT NULL DEFAULT '0',   `rating_sum` int(10) unsigned NOT NULL DEFAULT '0',   `rating_count` int(10) unsigned NOT NULL DEFAULT '0',   `lastip` varchar(50) NOT NULL DEFAULT '',   PRIMARY KEY (`content_id`) ) ENGINE=MyISAM DEFAULT CHARSET=utf8;
DROP TABLE IF EXISTS `aqua_core_log_searches`;
CREATE TABLE `aqua_core_log_searches` (   `search_term` varchar(128) NOT NULL DEFAULT '',   `hits` int(10) unsigned NOT NULL DEFAULT '0' ) ENGINE=MyISAM DEFAULT CHARSET=utf8;
DROP TABLE IF EXISTS `aqua_extensions`;
CREATE TABLE `aqua_extensions` (   `extension_id` int(11) NOT NULL AUTO_INCREMENT,   `name` varchar(100) NOT NULL,   `type` varchar(20) NOT NULL,   `element` varchar(100) NOT NULL,   `folder` varchar(100) NOT NULL,   `client_id` tinyint(3) NOT NULL,   `enabled` tinyint(3) NOT NULL DEFAULT '1',   `access` int(10) unsigned NOT NULL DEFAULT '1',   `protected` tinyint(3) NOT NULL DEFAULT '0',   `manifest_cache` text NOT NULL,   `params` text NOT NULL,   `custom_data` text NOT NULL,   `system_data` text NOT NULL,   `checked_out` int(10) unsigned NOT NULL DEFAULT '0',   `checked_out_time` datetime NOT NULL DEFAULT '0000-00-00 00:00:00',   `ordering` int(11) DEFAULT '0',   `state` int(11) DEFAULT '0',   PRIMARY KEY (`extension_id`),   KEY `element_clientid` (`element`,`client_id`),   KEY `element_folder_clientid` (`element`,`folder`,`client_id`),   KEY `extension` (`type`,`element`,`folder`,`client_id`) ) ENGINE=MyISAM AUTO_INCREMENT=10017 DEFAULT CHARSET=utf8;
INSERT INTO `aqua_extensions` VALUES ('1', 'com_mailto', 'component', 'com_mailto', '', '0', '1', '1', '1', '{\"legacy\":false,\"name\":\"com_mailto\",\"type\":\"component\",\"creationDate\":\"April 2006\",\"author\":\"Joomla! Project\",\"copyright\":\"(C) 2005 - 2012 Open Source Matters. All rights reserved.\\t\",\"authorEmail\":\"admin@joomla.org\",\"authorUrl\":\"www.joomla.org\",\"version\":\"2.5.0\",\"description\":\"COM_MAILTO_XML_DESCRIPTION\",\"group\":\"\"}', '', '', '', '0', '0000-00-00 00:00:00', '0', '0'), ('2', 'com_wrapper', 'component', 'com_wrapper', '', '0', '1', '1', '1', '{\"legacy\":false,\"name\":\"com_wrapper\",\"type\":\"component\",\"creationDate\":\"April 2006\",\"author\":\"Joomla! Project\",\"copyright\":\"(C) 2005 - 2012 Open Source Matters. All rights reserved.\\n\\t\",\"authorEmail\":\"admin@joomla.org\",\"authorUrl\":\"www.joomla.org\",\"version\":\"2.5.0\",\"description\":\"COM_WRAPPER_XML_DESCRIPTION\",\"group\":\"\"}', '', '', '', '0', '0000-00-00 00:00:00', '0', '0'), ('3', 'com_admin', 'component', 'com_admin', '', '1', '1', '1', '1', '{\"legacy\":false,\"name\":\"com_admin\",\"type\":\"component\",\"creationDate\":\"April 2006\",\"author\":\"Joomla! Project\",\"copyright\":\"(C) 2005 - 2012 Open Source Matters. All rights reserved.\\n\\t\",\"authorEmail\":\"admin@joomla.org\",\"authorUrl\":\"www.joomla.org\",\"version\":\"2.5.0\",\"description\":\"COM_ADMIN_XML_DESCRIPTION\",\"group\":\"\"}', '', '', '', '0', '0000-00-00 00:00:00', '0', '0'), ('4', 'com_banners', 'component', 'com_banners', '', '1', '1', '1', '0', '{\"legacy\":false,\"name\":\"com_banners\",\"type\":\"component\",\"creationDate\":\"April 2006\",\"author\":\"Joomla! Project\",\"copyright\":\"(C) 2005 - 2012 Open Source Matters. All rights reserved.\\n\\t\",\"authorEmail\":\"admin@joomla.org\",\"authorUrl\":\"www.joomla.org\",\"version\":\"2.5.0\",\"description\":\"COM_BANNERS_XML_DESCRIPTION\",\"group\":\"\"}', '{\"purchase_type\":\"3\",\"track_impressions\":\"0\",\"track_clicks\":\"0\",\"metakey_prefix\":\"\"}', '', '', '0', '0000-00-00 00:00:00', '0', '0'), ('5', 'com_cache', 'component', 'com_cache', '', '1', '1', '1', '1', '{\"legacy\":false,\"name\":\"com_cache\",\"type\":\"component\",\"creationDate\":\"April 2006\",\"author\":\"Joomla! Project\",\"copyright\":\"(C) 2005 - 2012 Open Source Matters. All rights reserved.\\t\",\"authorEmail\":\"admin@joomla.org\",\"authorUrl\":\"www.joomla.org\",\"version\":\"2.5.0\",\"description\":\"COM_CACHE_XML_DESCRIPTION\",\"group\":\"\"}', '', '', '', '0', '0000-00-00 00:00:00', '0', '0'), ('6', 'com_categories', 'component', 'com_categories', '', '1', '1', '1', '1', '{\"legacy\":false,\"name\":\"com_categories\",\"type\":\"component\",\"creationDate\":\"December 2007\",\"author\":\"Joomla! Project\",\"copyright\":\"(C) 2005 - 2012 Open Source Matters. All rights reserved.\",\"authorEmail\":\"admin@joomla.org\",\"authorUrl\":\"www.joomla.org\",\"version\":\"2.5.0\",\"description\":\"COM_CATEGORIES_XML_DESCRIPTION\",\"group\":\"\"}', '', '', '', '0', '0000-00-00 00:00:00', '0', '0'), ('7', 'com_checkin', 'component', 'com_checkin', '', '1', '1', '1', '1', '{\"legacy\":false,\"name\":\"com_checkin\",\"type\":\"component\",\"creationDate\":\"Unknown\",\"author\":\"Joomla! Project\",\"copyright\":\"(C) 2005 - 2008 Open Source Matters. All rights reserved.\\n\\t\",\"authorEmail\":\"admin@joomla.org\",\"authorUrl\":\"www.joomla.org\",\"version\":\"2.5.0\",\"description\":\"COM_CHECKIN_XML_DESCRIPTION\",\"group\":\"\"}', '', '', '', '0', '0000-00-00 00:00:00', '0', '0'), ('8', 'com_contact', 'component', 'com_contact', '', '1', '1', '1', '0', '{\"legacy\":false,\"name\":\"com_contact\",\"type\":\"component\",\"creationDate\":\"April 2006\",\"author\":\"Joomla! Project\",\"copyright\":\"(C) 2005 - 2012 Open Source Matters. All rights reserved.\\n\\t\",\"authorEmail\":\"admin@joomla.org\",\"authorUrl\":\"www.joomla.org\",\"version\":\"2.5.0\",\"description\":\"COM_CONTACT_XML_DESCRIPTION\",\"group\":\"\"}', '{\"show_contact_category\":\"hide\",\"show_contact_list\":\"0\",\"presentation_style\":\"sliders\",\"show_name\":\"1\",\"show_position\":\"1\",\"show_email\":\"0\",\"show_street_address\":\"1\",\"show_suburb\":\"1\",\"show_state\":\"1\",\"show_postcode\":\"1\",\"show_country\":\"1\",\"show_telephone\":\"1\",\"show_mobile\":\"1\",\"show_fax\":\"1\",\"show_webpage\":\"1\",\"show_misc\":\"1\",\"show_image\":\"1\",\"image\":\"\",\"allow_vcard\":\"0\",\"show_articles\":\"0\",\"show_profile\":\"0\",\"show_links\":\"0\",\"linka_name\":\"\",\"linkb_name\":\"\",\"linkc_name\":\"\",\"linkd_name\":\"\",\"linke_name\":\"\",\"contact_icons\":\"0\",\"icon_address\":\"\",\"icon_email\":\"\",\"icon_telephone\":\"\",\"icon_mobile\":\"\",\"icon_fax\":\"\",\"icon_misc\":\"\",\"show_headings\":\"1\",\"show_position_headings\":\"1\",\"show_email_headings\":\"0\",\"show_telephone_headings\":\"1\",\"show_mobile_headings\":\"0\",\"show_fax_headings\":\"0\",\"allow_vcard_headings\":\"0\",\"show_suburb_headings\":\"1\",\"show_state_headings\":\"1\",\"show_country_headings\":\"1\",\"show_email_form\":\"1\",\"show_email_copy\":\"1\",\"banned_email\":\"\",\"banned_subject\":\"\",\"banned_text\":\"\",\"validate_session\":\"1\",\"custom_reply\":\"0\",\"redirect\":\"\",\"show_category_crumb\":\"0\",\"metakey\":\"\",\"metadesc\":\"\",\"robots\":\"\",\"author\":\"\",\"rights\":\"\",\"xreference\":\"\"}', '', '', '0', '0000-00-00 00:00:00', '0', '0'), ('9', 'com_cpanel', 'component', 'com_cpanel', '', '1', '1', '1', '1', '{\"legacy\":false,\"name\":\"com_cpanel\",\"type\":\"component\",\"creationDate\":\"April 2006\",\"author\":\"Joomla! Project\",\"copyright\":\"(C) 2005 - 2012 Open Source Matters. All rights reserved.\",\"authorEmail\":\"admin@joomla.org\",\"authorUrl\":\"www.joomla.org\",\"version\":\"2.5.0\",\"description\":\"COM_CPANEL_XML_DESCRIPTION\",\"group\":\"\"}', '', '', '', '0', '0000-00-00 00:00:00', '0', '0'), ('10', 'com_installer', 'component', 'com_installer', '', '1', '1', '1', '1', '{\"legacy\":false,\"name\":\"com_installer\",\"type\":\"component\",\"creationDate\":\"April 2006\",\"author\":\"Joomla! Project\",\"copyright\":\"(C) 2005 - 2012 Open Source Matters. All rights reserved.\\t\",\"authorEmail\":\"admin@joomla.org\",\"authorUrl\":\"www.joomla.org\",\"version\":\"2.5.0\",\"description\":\"COM_INSTALLER_XML_DESCRIPTION\",\"group\":\"\"}', '{}', '', '', '0', '0000-00-00 00:00:00', '0', '0'), ('11', 'com_languages', 'component', 'com_languages', '', '1', '1', '1', '1', '{\"legacy\":false,\"name\":\"com_languages\",\"type\":\"component\",\"creationDate\":\"2006\",\"author\":\"Joomla! Project\",\"copyright\":\"(C) 2005 - 2012 Open Source Matters. All rights reserved.\\n\\t\",\"authorEmail\":\"admin@joomla.org\",\"authorUrl\":\"www.joomla.org\",\"version\":\"2.5.0\",\"description\":\"COM_LANGUAGES_XML_DESCRIPTION\",\"group\":\"\"}', '{\"administrator\":\"fr-FR\",\"site\":\"fr-FR\"}', '', '', '0', '0000-00-00 00:00:00', '0', '0'), ('12', 'com_login', 'component', 'com_login', '', '1', '1', '1', '1', '{\"legacy\":false,\"name\":\"com_login\",\"type\":\"component\",\"creationDate\":\"April 2006\",\"author\":\"Joomla! Project\",\"copyright\":\"(C) 2005 - 2012 Open Source Matters. All rights reserved.\\t\",\"authorEmail\":\"admin@joomla.org\",\"authorUrl\":\"www.joomla.org\",\"version\":\"2.5.0\",\"description\":\"COM_LOGIN_XML_DESCRIPTION\",\"group\":\"\"}', '', '', '', '0', '0000-00-00 00:00:00', '0', '0'), ('13', 'com_media', 'component', 'com_media', '', '1', '1', '0', '1', '{\"legacy\":false,\"name\":\"com_media\",\"type\":\"component\",\"creationDate\":\"April 2006\",\"author\":\"Joomla! Project\",\"copyright\":\"(C) 2005 - 2012 Open Source Matters. All rights reserved.\\t\",\"authorEmail\":\"admin@joomla.org\",\"authorUrl\":\"www.joomla.org\",\"version\":\"2.5.0\",\"description\":\"COM_MEDIA_XML_DESCRIPTION\",\"group\":\"\"}', '{\"upload_extensions\":\"bmp,csv,doc,gif,ico,jpg,jpeg,odg,odp,ods,odt,pdf,png,ppt,swf,txt,xcf,xls,BMP,CSV,DOC,GIF,ICO,JPG,JPEG,ODG,ODP,ODS,ODT,PDF,PNG,PPT,SWF,TXT,XCF,XLS\",\"upload_maxsize\":\"10\",\"file_path\":\"images\",\"image_path\":\"images\",\"restrict_uploads\":\"1\",\"check_mime\":\"1\",\"image_extensions\":\"bmp,gif,jpg,png,pdf\",\"ignore_extensions\":\"\",\"upload_mime\":\"image\\/jpeg,image\\/gif,image\\/png,image\\/bmp,application\\/x-shockwave-flash,application\\/msword,application\\/excel,application\\/pdf,application\\/powerpoint,text\\/plain,application\\/x-zip\",\"upload_mime_illegal\":\"text\\/html\",\"enable_flash\":\"0\"}', '', '', '0', '0000-00-00 00:00:00', '0', '0'), ('14', 'com_menus', 'component', 'com_menus', '', '1', '1', '1', '1', '{\"legacy\":false,\"name\":\"com_menus\",\"type\":\"component\",\"creationDate\":\"April 2006\",\"author\":\"Joomla! Project\",\"copyright\":\"(C) 2005 - 2012 Open Source Matters. All rights reserved.\\t\",\"authorEmail\":\"admin@joomla.org\",\"authorUrl\":\"www.joomla.org\",\"version\":\"2.5.0\",\"description\":\"COM_MENUS_XML_DESCRIPTION\",\"group\":\"\"}', '{}', '', '', '0', '0000-00-00 00:00:00', '0', '0'), ('15', 'com_messages', 'component', 'com_messages', '', '1', '1', '1', '1', '{\"legacy\":false,\"name\":\"com_messages\",\"type\":\"component\",\"creationDate\":\"April 2006\",\"author\":\"Joomla! Project\",\"copyright\":\"(C) 2005 - 2012 Open Source Matters. All rights reserved.\\t\",\"authorEmail\":\"admin@joomla.org\",\"authorUrl\":\"www.joomla.org\",\"version\":\"2.5.0\",\"description\":\"COM_MESSAGES_XML_DESCRIPTION\",\"group\":\"\"}', '', '', '', '0', '0000-00-00 00:00:00', '0', '0'), ('16', 'com_modules', 'component', 'com_modules', '', '1', '1', '1', '1', '{\"legacy\":false,\"name\":\"com_modules\",\"type\":\"component\",\"creationDate\":\"April 2006\",\"author\":\"Joomla! Project\",\"copyright\":\"(C) 2005 - 2012 Open Source Matters. All rights reserved.\\t\",\"authorEmail\":\"admin@joomla.org\",\"authorUrl\":\"www.joomla.org\",\"version\":\"2.5.0\",\"description\":\"COM_MODULES_XML_DESCRIPTION\",\"group\":\"\"}', '{}', '', '', '0', '0000-00-00 00:00:00', '0', '0'), ('17', 'com_newsfeeds', 'component', 'com_newsfeeds', '', '1', '1', '1', '0', '{\"legacy\":false,\"name\":\"com_newsfeeds\",\"type\":\"component\",\"creationDate\":\"April 2006\",\"author\":\"Joomla! Project\",\"copyright\":\"(C) 2005 - 2012 Open Source Matters. All rights reserved.\\t\",\"authorEmail\":\"admin@joomla.org\",\"authorUrl\":\"www.joomla.org\",\"version\":\"2.5.0\",\"description\":\"COM_NEWSFEEDS_XML_DESCRIPTION\",\"group\":\"\"}', '{\"show_feed_image\":\"1\",\"show_feed_description\":\"1\",\"show_item_description\":\"1\",\"feed_word_count\":\"0\",\"show_headings\":\"1\",\"show_name\":\"1\",\"show_articles\":\"0\",\"show_link\":\"1\",\"show_description\":\"1\",\"show_description_image\":\"1\",\"display_num\":\"\",\"show_pagination_limit\":\"1\",\"show_pagination\":\"1\",\"show_pagination_results\":\"1\",\"show_cat_items\":\"1\"}', '', '', '0', '0000-00-00 00:00:00', '0', '0'), ('18', 'com_plugins', 'component', 'com_plugins', '', '1', '1', '1', '1', '{\"legacy\":false,\"name\":\"com_plugins\",\"type\":\"component\",\"creationDate\":\"April 2006\",\"author\":\"Joomla! Project\",\"copyright\":\"(C) 2005 - 2012 Open Source Matters. All rights reserved.\\t\",\"authorEmail\":\"admin@joomla.org\",\"authorUrl\":\"www.joomla.org\",\"version\":\"2.5.0\",\"description\":\"COM_PLUGINS_XML_DESCRIPTION\",\"group\":\"\"}', '{}', '', '', '0', '0000-00-00 00:00:00', '0', '0'), ('19', 'com_search', 'component', 'com_search', '', '1', '1', '1', '1', '{\"legacy\":false,\"name\":\"com_search\",\"type\":\"component\",\"creationDate\":\"April 2006\",\"author\":\"Joomla! Project\",\"copyright\":\"(C) 2005 - 2012 Open Source Matters. All rights reserved.\\n\\t\",\"authorEmail\":\"admin@joomla.org\",\"authorUrl\":\"www.joomla.org\",\"version\":\"2.5.0\",\"description\":\"COM_SEARCH_XML_DESCRIPTION\",\"group\":\"\"}', '{\"enabled\":\"0\",\"show_date\":\"1\"}', '', '', '0', '0000-00-00 00:00:00', '0', '0'), ('20', 'com_templates', 'component', 'com_templates', '', '1', '1', '1', '1', '{\"legacy\":false,\"name\":\"com_templates\",\"type\":\"component\",\"creationDate\":\"April 2006\",\"author\":\"Joomla! Project\",\"copyright\":\"(C) 2005 - 2012 Open Source Matters. All rights reserved.\\t\",\"authorEmail\":\"admin@joomla.org\",\"authorUrl\":\"www.joomla.org\",\"version\":\"2.5.0\",\"description\":\"COM_TEMPLATES_XML_DESCRIPTION\",\"group\":\"\"}', '{}', '', '', '0', '0000-00-00 00:00:00', '0', '0'), ('21', 'com_weblinks', 'component', 'com_weblinks', '', '1', '1', '1', '0', '{\"legacy\":false,\"name\":\"com_weblinks\",\"type\":\"component\",\"creationDate\":\"April 2006\",\"author\":\"Joomla! Project\",\"copyright\":\"(C) 2005 - 2012 Open Source Matters. All rights reserved.\\n\\t\",\"authorEmail\":\"admin@joomla.org\",\"authorUrl\":\"www.joomla.org\",\"version\":\"2.5.0\",\"description\":\"COM_WEBLINKS_XML_DESCRIPTION\",\"group\":\"\"}', '{\"show_comp_description\":\"1\",\"comp_description\":\"\",\"show_link_hits\":\"1\",\"show_link_description\":\"1\",\"show_other_cats\":\"0\",\"show_headings\":\"0\",\"show_numbers\":\"0\",\"show_report\":\"1\",\"count_clicks\":\"1\",\"target\":\"0\",\"link_icons\":\"\"}', '', '', '0', '0000-00-00 00:00:00', '0', '0'), ('22', 'com_content', 'component', 'com_content', '', '1', '1', '0', '1', '{\"legacy\":false,\"name\":\"com_content\",\"type\":\"component\",\"creationDate\":\"April 2006\",\"author\":\"Joomla! Project\",\"copyright\":\"(C) 2005 - 2012 Open Source Matters. All rights reserved.\\t\",\"authorEmail\":\"admin@joomla.org\",\"authorUrl\":\"www.joomla.org\",\"version\":\"2.5.0\",\"description\":\"COM_CONTENT_XML_DESCRIPTION\",\"group\":\"\"}', '{\"article_layout\":\"_:default\",\"show_title\":\"1\",\"link_titles\":\"1\",\"show_intro\":\"1\",\"show_category\":\"0\",\"link_category\":\"1\",\"show_parent_category\":\"0\",\"link_parent_category\":\"0\",\"show_author\":\"0\",\"link_author\":\"0\",\"show_create_date\":\"0\",\"show_modify_date\":\"0\",\"show_publish_date\":\"0\",\"show_item_navigation\":\"0\",\"show_vote\":\"0\",\"show_readmore\":\"1\",\"show_readmore_title\":\"1\",\"readmore_limit\":\"100\",\"show_icons\":\"0\",\"show_print_icon\":\"1\",\"show_email_icon\":\"1\",\"show_hits\":\"0\",\"show_noauth\":\"0\",\"urls_position\":\"0\",\"show_publishing_options\":\"1\",\"show_article_options\":\"1\",\"show_urls_images_frontend\":\"0\",\"show_urls_images_backend\":\"1\",\"targeta\":0,\"targetb\":0,\"targetc\":0,\"float_intro\":\"left\",\"float_fulltext\":\"left\",\"category_layout\":\"_:default\",\"show_category_title\":\"0\",\"show_description\":\"0\",\"show_description_image\":\"0\",\"maxLevel\":\"1\",\"show_empty_categories\":\"0\",\"show_no_articles\":\"1\",\"show_subcat_desc\":\"1\",\"show_cat_num_articles\":\"0\",\"show_base_description\":\"1\",\"maxLevelcat\":\"-1\",\"show_empty_categories_cat\":\"0\",\"show_subcat_desc_cat\":\"1\",\"show_cat_num_articles_cat\":\"1\",\"num_leading_articles\":\"1\",\"num_intro_articles\":\"4\",\"num_columns\":\"2\",\"num_links\":\"4\",\"multi_column_order\":\"0\",\"show_subcategory_content\":\"0\",\"show_pagination_limit\":\"1\",\"filter_field\":\"hide\",\"show_headings\":\"1\",\"list_show_date\":\"0\",\"date_format\":\"\",\"list_show_hits\":\"1\",\"list_show_author\":\"1\",\"orderby_pri\":\"order\",\"orderby_sec\":\"rdate\",\"order_date\":\"published\",\"show_pagination\":\"2\",\"show_pagination_results\":\"1\",\"show_feed_link\":\"1\",\"feed_summary\":\"0\",\"feed_show_readmore\":\"0\"}', '', '', '0', '0000-00-00 00:00:00', '0', '0'), ('23', 'com_config', 'component', 'com_config', '', '1', '1', '0', '1', '{\"legacy\":false,\"name\":\"com_config\",\"type\":\"component\",\"creationDate\":\"April 2006\",\"author\":\"Joomla! Project\",\"copyright\":\"(C) 2005 - 2012 Open Source Matters. All rights reserved.\\t\",\"authorEmail\":\"admin@joomla.org\",\"authorUrl\":\"www.joomla.org\",\"version\":\"2.5.0\",\"description\":\"COM_CONFIG_XML_DESCRIPTION\",\"group\":\"\"}', '{\"filters\":{\"1\":{\"filter_type\":\"NH\",\"filter_tags\":\"\",\"filter_attributes\":\"\"},\"6\":{\"filter_type\":\"BL\",\"filter_tags\":\"\",\"filter_attributes\":\"\"},\"7\":{\"filter_type\":\"NONE\",\"filter_tags\":\"\",\"filter_attributes\":\"\"},\"2\":{\"filter_type\":\"NH\",\"filter_tags\":\"\",\"filter_attributes\":\"\"},\"3\":{\"filter_type\":\"BL\",\"filter_tags\":\"\",\"filter_attributes\":\"\"},\"4\":{\"filter_type\":\"BL\",\"filter_tags\":\"\",\"filter_attributes\":\"\"},\"5\":{\"filter_type\":\"BL\",\"filter_tags\":\"\",\"filter_attributes\":\"\"},\"8\":{\"filter_type\":\"NONE\",\"filter_tags\":\"\",\"filter_attributes\":\"\"}}}', '', '', '0', '0000-00-00 00:00:00', '0', '0'), ('24', 'com_redirect', 'component', 'com_redirect', '', '1', '1', '0', '1', '{\"legacy\":false,\"name\":\"com_redirect\",\"type\":\"component\",\"creationDate\":\"April 2006\",\"author\":\"Joomla! Project\",\"copyright\":\"(C) 2005 - 2012 Open Source Matters. All rights reserved.\\t\",\"authorEmail\":\"admin@joomla.org\",\"authorUrl\":\"www.joomla.org\",\"version\":\"2.5.0\",\"description\":\"COM_REDIRECT_XML_DESCRIPTION\",\"group\":\"\"}', '{}', '', '', '0', '0000-00-00 00:00:00', '0', '0'), ('25', 'com_users', 'component', 'com_users', '', '1', '1', '0', '1', '{\"legacy\":false,\"name\":\"com_users\",\"type\":\"component\",\"creationDate\":\"April 2006\",\"author\":\"Joomla! Project\",\"copyright\":\"(C) 2005 - 2012 Open Source Matters. All rights reserved.\\t\",\"authorEmail\":\"admin@joomla.org\",\"authorUrl\":\"www.joomla.org\",\"version\":\"2.5.0\",\"description\":\"COM_USERS_XML_DESCRIPTION\",\"group\":\"\"}', '{\"allowUserRegistration\":\"1\",\"new_usertype\":\"2\",\"useractivation\":\"1\",\"frontend_userparams\":\"1\",\"mailSubjectPrefix\":\"\",\"mailBodySuffix\":\"\"}', '', '', '0', '0000-00-00 00:00:00', '0', '0'), ('27', 'com_finder', 'component', 'com_finder', '', '1', '1', '0', '0', '{\"legacy\":false,\"name\":\"com_finder\",\"type\":\"component\",\"creationDate\":\"August 2011\",\"author\":\"Joomla! Project\",\"copyright\":\"(C) 2005 - 2012 Open Source Matters. All rights reserved.\",\"authorEmail\":\"admin@joomla.org\",\"authorUrl\":\"www.joomla.org\",\"version\":\"2.5.0\",\"description\":\"COM_FINDER_XML_DESCRIPTION\",\"group\":\"\"}', '{\"show_description\":\"1\",\"description_length\":255,\"allow_empty_query\":\"0\",\"show_url\":\"1\",\"show_advanced\":\"1\",\"expand_advanced\":\"0\",\"show_date_filters\":\"0\",\"highlight_terms\":\"1\",\"opensearch_name\":\"\",\"opensearch_description\":\"\",\"batch_size\":\"50\",\"memory_table_limit\":30000,\"title_multiplier\":\"1.7\",\"text_multiplier\":\"0.7\",\"meta_multiplier\":\"1.2\",\"path_multiplier\":\"2.0\",\"misc_multiplier\":\"0.3\",\"stemmer\":\"snowball\"}', '', '', '0', '0000-00-00 00:00:00', '0', '0'), ('28', 'com_joomlaupdate', 'component', 'com_joomlaupdate', '', '1', '1', '0', '1', '{\"legacy\":false,\"name\":\"com_joomlaupdate\",\"type\":\"component\",\"creationDate\":\"February 2012\",\"author\":\"Joomla! Project\",\"copyright\":\"(C) 2005 - 2012 Open Source Matters. All rights reserved.\\t\",\"authorEmail\":\"admin@joomla.org\",\"authorUrl\":\"www.joomla.org\",\"version\":\"2.5.0\",\"description\":\"COM_JOOMLAUPDATE_XML_DESCRIPTION\",\"group\":\"\"}', '{}', '', '', '0', '0000-00-00 00:00:00', '0', '0'), ('100', 'PHPMailer', 'library', 'phpmailer', '', '0', '1', '1', '1', '{\"legacy\":false,\"name\":\"PHPMailer\",\"type\":\"library\",\"creationDate\":\"2008\",\"author\":\"PHPMailer\",\"copyright\":\"Copyright (C) PHPMailer.\",\"authorEmail\":\"\",\"authorUrl\":\"http:\\/\\/phpmailer.codeworxtech.com\\/\",\"version\":\"2.5.0\",\"description\":\"LIB_PHPMAILER_XML_DESCRIPTION\",\"group\":\"\"}', '', '', '', '0', '0000-00-00 00:00:00', '0', '0'), ('101', 'SimplePie', 'library', 'simplepie', '', '0', '1', '1', '1', '{\"legacy\":false,\"name\":\"SimplePie\",\"type\":\"library\",\"creationDate\":\"2008\",\"author\":\"SimplePie\",\"copyright\":\"Copyright (C) 2008 SimplePie\",\"authorEmail\":\"\",\"authorUrl\":\"http:\\/\\/simplepie.org\\/\",\"version\":\"1.0.1\",\"description\":\"LIB_SIMPLEPIE_XML_DESCRIPTION\",\"group\":\"\"}', '', '', '', '0', '0000-00-00 00:00:00', '0', '0'), ('102', 'phputf8', 'library', 'phputf8', '', '0', '1', '1', '1', '{\"legacy\":false,\"name\":\"phputf8\",\"type\":\"library\",\"creationDate\":\"2008\",\"author\":\"Harry Fuecks\",\"copyright\":\"Copyright various authors\",\"authorEmail\":\"\",\"authorUrl\":\"http:\\/\\/sourceforge.net\\/projects\\/phputf8\",\"version\":\"2.5.0\",\"description\":\"LIB_PHPUTF8_XML_DESCRIPTION\",\"group\":\"\"}', '', '', '', '0', '0000-00-00 00:00:00', '0', '0'), ('103', 'Joomla! Web Application Framework', 'library', 'joomla', '', '0', '1', '1', '1', '{\"legacy\":false,\"name\":\"Joomla! Web Application Framework\",\"type\":\"library\",\"creationDate\":\"2008\",\"author\":\"Joomla! Project\",\"copyright\":\"Copyright (C) 2005 - 2012 Open Source Matters. All rights reserved.\",\"authorEmail\":\"admin@joomla.org\",\"authorUrl\":\"http:\\/\\/www.joomla.org\",\"version\":\"2.5.0\",\"description\":\"LIB_JOOMLA_XML_DESCRIPTION\",\"group\":\"\"}', '{}', '', '', '0', '0000-00-00 00:00:00', '0', '0'), ('200', 'mod_articles_archive', 'module', 'mod_articles_archive', '', '0', '1', '1', '1', '{\"legacy\":false,\"name\":\"mod_articles_archive\",\"type\":\"module\",\"creationDate\":\"July 2006\",\"author\":\"Joomla! Project\",\"copyright\":\"Copyright (C) 2005 - 2012 Open Source Matters.\\n\\t\\tAll rights reserved.\",\"authorEmail\":\"admin@joomla.org\",\"authorUrl\":\"www.joomla.org\",\"version\":\"2.5.0\",\"description\":\"MOD_ARTICLES_ARCHIVE_XML_DESCRIPTION\",\"group\":\"\"}', '', '', '', '0', '0000-00-00 00:00:00', '0', '0'), ('201', 'mod_articles_latest', 'module', 'mod_articles_latest', '', '0', '1', '1', '1', '{\"legacy\":false,\"name\":\"mod_articles_latest\",\"type\":\"module\",\"creationDate\":\"July 2004\",\"author\":\"Joomla! Project\",\"copyright\":\"Copyright (C) 2005 - 2012 Open Source Matters. All rights reserved.\",\"authorEmail\":\"admin@joomla.org\",\"authorUrl\":\"www.joomla.org\",\"version\":\"2.5.0\",\"description\":\"MOD_LATEST_NEWS_XML_DESCRIPTION\",\"group\":\"\"}', '', '', '', '0', '0000-00-00 00:00:00', '0', '0'), ('202', 'mod_articles_popular', 'module', 'mod_articles_popular', '', '0', '1', '1', '0', '{\"legacy\":false,\"name\":\"mod_articles_popular\",\"type\":\"module\",\"creationDate\":\"July 2006\",\"author\":\"Joomla! Project\",\"copyright\":\"Copyright (C) 2005 - 2012 Open Source Matters. All rights reserved.\",\"authorEmail\":\"admin@joomla.org\",\"authorUrl\":\"www.joomla.org\",\"version\":\"2.5.0\",\"description\":\"MOD_POPULAR_XML_DESCRIPTION\",\"group\":\"\"}', '', '', '', '0', '0000-00-00 00:00:00', '0', '0'), ('203', 'mod_banners', 'module', 'mod_banners', '', '0', '1', '1', '1', '{\"legacy\":false,\"name\":\"mod_banners\",\"type\":\"module\",\"creationDate\":\"July 2006\",\"author\":\"Joomla! Project\",\"copyright\":\"Copyright (C) 2005 - 2012 Open Source Matters. All rights reserved.\",\"authorEmail\":\"admin@joomla.org\",\"authorUrl\":\"www.joomla.org\",\"version\":\"2.5.0\",\"description\":\"MOD_BANNERS_XML_DESCRIPTION\",\"group\":\"\"}', '', '', '', '0', '0000-00-00 00:00:00', '0', '0'), ('204', 'mod_breadcrumbs', 'module', 'mod_breadcrumbs', '', '0', '1', '1', '1', '{\"legacy\":false,\"name\":\"mod_breadcrumbs\",\"type\":\"module\",\"creationDate\":\"July 2006\",\"author\":\"Joomla! Project\",\"copyright\":\"Copyright (C) 2005 - 2012 Open Source Matters. All rights reserved.\",\"authorEmail\":\"admin@joomla.org\",\"authorUrl\":\"www.joomla.org\",\"version\":\"2.5.0\",\"description\":\"MOD_BREADCRUMBS_XML_DESCRIPTION\",\"group\":\"\"}', '', '', '', '0', '0000-00-00 00:00:00', '0', '0'), ('205', 'mod_custom', 'module', 'mod_custom', '', '0', '1', '1', '1', '{\"legacy\":false,\"name\":\"mod_custom\",\"type\":\"module\",\"creationDate\":\"July 2004\",\"author\":\"Joomla! Project\",\"copyright\":\"Copyright (C) 2005 - 2012 Open Source Matters. All rights reserved.\",\"authorEmail\":\"admin@joomla.org\",\"authorUrl\":\"www.joomla.org\",\"version\":\"2.5.0\",\"description\":\"MOD_CUSTOM_XML_DESCRIPTION\",\"group\":\"\"}', '', '', '', '0', '0000-00-00 00:00:00', '0', '0'), ('206', 'mod_feed', 'module', 'mod_feed', '', '0', '1', '1', '1', '{\"legacy\":false,\"name\":\"mod_feed\",\"type\":\"module\",\"creationDate\":\"July 2005\",\"author\":\"Joomla! Project\",\"copyright\":\"Copyright (C) 2005 - 2012 Open Source Matters. All rights reserved.\",\"authorEmail\":\"admin@joomla.org\",\"authorUrl\":\"www.joomla.org\",\"version\":\"2.5.0\",\"description\":\"MOD_FEED_XML_DESCRIPTION\",\"group\":\"\"}', '', '', '', '0', '0000-00-00 00:00:00', '0', '0'), ('207', 'mod_footer', 'module', 'mod_footer', '', '0', '1', '1', '1', '{\"legacy\":false,\"name\":\"mod_footer\",\"type\":\"module\",\"creationDate\":\"July 2006\",\"author\":\"Joomla! Project\",\"copyright\":\"Copyright (C) 2005 - 2012 Open Source Matters. All rights reserved.\",\"authorEmail\":\"admin@joomla.org\",\"authorUrl\":\"www.joomla.org\",\"version\":\"2.5.0\",\"description\":\"MOD_FOOTER_XML_DESCRIPTION\",\"group\":\"\"}', '', '', '', '0', '0000-00-00 00:00:00', '0', '0'), ('208', 'mod_login', 'module', 'mod_login', '', '0', '1', '1', '1', '{\"legacy\":false,\"name\":\"mod_login\",\"type\":\"module\",\"creationDate\":\"July 2006\",\"author\":\"Joomla! Project\",\"copyright\":\"Copyright (C) 2005 - 2012 Open Source Matters. All rights reserved.\",\"authorEmail\":\"admin@joomla.org\",\"authorUrl\":\"www.joomla.org\",\"version\":\"2.5.0\",\"description\":\"MOD_LOGIN_XML_DESCRIPTION\",\"group\":\"\"}', '', '', '', '0', '0000-00-00 00:00:00', '0', '0'), ('209', 'mod_menu', 'module', 'mod_menu', '', '0', '1', '1', '1', '{\"legacy\":false,\"name\":\"mod_menu\",\"type\":\"module\",\"creationDate\":\"July 2004\",\"author\":\"Joomla! Project\",\"copyright\":\"Copyright (C) 2005 - 2012 Open Source Matters. All rights reserved.\",\"authorEmail\":\"admin@joomla.org\",\"authorUrl\":\"www.joomla.org\",\"version\":\"2.5.0\",\"description\":\"MOD_MENU_XML_DESCRIPTION\",\"group\":\"\"}', '', '', '', '0', '0000-00-00 00:00:00', '0', '0'), ('210', 'mod_articles_news', 'module', 'mod_articles_news', '', '0', '1', '1', '0', '{\"legacy\":false,\"name\":\"mod_articles_news\",\"type\":\"module\",\"creationDate\":\"July 2006\",\"author\":\"Joomla! Project\",\"copyright\":\"Copyright (C) 2005 - 2012 Open Source Matters. All rights reserved.\",\"authorEmail\":\"admin@joomla.org\",\"authorUrl\":\"www.joomla.org\",\"version\":\"2.5.0\",\"description\":\"MOD_ARTICLES_NEWS_XML_DESCRIPTION\",\"group\":\"\"}', '', '', '', '0', '0000-00-00 00:00:00', '0', '0'), ('211', 'mod_random_image', 'module', 'mod_random_image', '', '0', '1', '1', '0', '{\"legacy\":false,\"name\":\"mod_random_image\",\"type\":\"module\",\"creationDate\":\"July 2006\",\"author\":\"Joomla! Project\",\"copyright\":\"Copyright (C) 2005 - 2012 Open Source Matters. All rights reserved.\",\"authorEmail\":\"admin@joomla.org\",\"authorUrl\":\"www.joomla.org\",\"version\":\"2.5.0\",\"description\":\"MOD_RANDOM_IMAGE_XML_DESCRIPTION\",\"group\":\"\"}', '', '', '', '0', '0000-00-00 00:00:00', '0', '0'), ('212', 'mod_related_items', 'module', 'mod_related_items', '', '0', '1', '1', '0', '{\"legacy\":false,\"name\":\"mod_related_items\",\"type\":\"module\",\"creationDate\":\"July 2004\",\"author\":\"Joomla! Project\",\"copyright\":\"Copyright (C) 2005 - 2012 Open Source Matters. All rights reserved.\",\"authorEmail\":\"admin@joomla.org\",\"authorUrl\":\"www.joomla.org\",\"version\":\"2.5.0\",\"description\":\"MOD_RELATED_XML_DESCRIPTION\",\"group\":\"\"}', '', '', '', '0', '0000-00-00 00:00:00', '0', '0'), ('213', 'mod_search', 'module', 'mod_search', '', '0', '1', '1', '0', '{\"legacy\":false,\"name\":\"mod_search\",\"type\":\"module\",\"creationDate\":\"July 2004\",\"author\":\"Joomla! Project\",\"copyright\":\"Copyright (C) 2005 - 2012 Open Source Matters. All rights reserved.\",\"authorEmail\":\"admin@joomla.org\",\"authorUrl\":\"www.joomla.org\",\"version\":\"2.5.0\",\"description\":\"MOD_SEARCH_XML_DESCRIPTION\",\"group\":\"\"}', '', '', '', '0', '0000-00-00 00:00:00', '0', '0'), ('214', 'mod_stats', 'module', 'mod_stats', '', '0', '1', '1', '0', '{\"legacy\":false,\"name\":\"mod_stats\",\"type\":\"module\",\"creationDate\":\"July 2004\",\"author\":\"Joomla! Project\",\"copyright\":\"Copyright (C) 2005 - 2012 Open Source Matters. All rights reserved.\",\"authorEmail\":\"admin@joomla.org\",\"authorUrl\":\"www.joomla.org\",\"version\":\"2.5.0\",\"description\":\"MOD_STATS_XML_DESCRIPTION\",\"group\":\"\"}', '', '', '', '0', '0000-00-00 00:00:00', '0', '0'), ('215', 'mod_syndicate', 'module', 'mod_syndicate', '', '0', '1', '1', '1', '{\"legacy\":false,\"name\":\"mod_syndicate\",\"type\":\"module\",\"creationDate\":\"May 2006\",\"author\":\"Joomla! Project\",\"copyright\":\"Copyright (C) 2005 - 2012 Open Source Matters. All rights reserved.\",\"authorEmail\":\"admin@joomla.org\",\"authorUrl\":\"www.joomla.org\",\"version\":\"2.5.0\",\"description\":\"MOD_SYNDICATE_XML_DESCRIPTION\",\"group\":\"\"}', '', '', '', '0', '0000-00-00 00:00:00', '0', '0'), ('216', 'mod_users_latest', 'module', 'mod_users_latest', '', '0', '1', '1', '1', '{\"legacy\":false,\"name\":\"mod_users_latest\",\"type\":\"module\",\"creationDate\":\"December 2009\",\"author\":\"Joomla! Project\",\"copyright\":\"Copyright (C) 2005 - 2012 Open Source Matters. All rights reserved.\",\"authorEmail\":\"admin@joomla.org\",\"authorUrl\":\"www.joomla.org\",\"version\":\"2.5.0\",\"description\":\"MOD_USERS_LATEST_XML_DESCRIPTION\",\"group\":\"\"}', '', '', '', '0', '0000-00-00 00:00:00', '0', '0'), ('217', 'mod_weblinks', 'module', 'mod_weblinks', '', '0', '1', '1', '0', '{\"legacy\":false,\"name\":\"mod_weblinks\",\"type\":\"module\",\"creationDate\":\"July 2009\",\"author\":\"Joomla! Project\",\"copyright\":\"Copyright (C) 2005 - 2012 Open Source Matters. All rights reserved.\",\"authorEmail\":\"admin@joomla.org\",\"authorUrl\":\"www.joomla.org\",\"version\":\"2.5.0\",\"description\":\"MOD_WEBLINKS_XML_DESCRIPTION\",\"group\":\"\"}', '', '', '', '0', '0000-00-00 00:00:00', '0', '0'), ('218', 'mod_whosonline', 'module', 'mod_whosonline', '', '0', '1', '1', '0', '{\"legacy\":false,\"name\":\"mod_whosonline\",\"type\":\"module\",\"creationDate\":\"July 2004\",\"author\":\"Joomla! Project\",\"copyright\":\"Copyright (C) 2005 - 2012 Open Source Matters. All rights reserved.\",\"authorEmail\":\"admin@joomla.org\",\"authorUrl\":\"www.joomla.org\",\"version\":\"2.5.0\",\"description\":\"MOD_WHOSONLINE_XML_DESCRIPTION\",\"group\":\"\"}', '', '', '', '0', '0000-00-00 00:00:00', '0', '0'), ('219', 'mod_wrapper', 'module', 'mod_wrapper', '', '0', '1', '1', '0', '{\"legacy\":false,\"name\":\"mod_wrapper\",\"type\":\"module\",\"creationDate\":\"October 2004\",\"author\":\"Joomla! Project\",\"copyright\":\"Copyright (C) 2005 - 2012 Open Source Matters. All rights reserved.\",\"authorEmail\":\"admin@joomla.org\",\"authorUrl\":\"www.joomla.org\",\"version\":\"2.5.0\",\"description\":\"MOD_WRAPPER_XML_DESCRIPTION\",\"group\":\"\"}', '', '', '', '0', '0000-00-00 00:00:00', '0', '0'), ('220', 'mod_articles_category', 'module', 'mod_articles_category', '', '0', '1', '1', '1', '{\"legacy\":false,\"name\":\"mod_articles_category\",\"type\":\"module\",\"creationDate\":\"February 2010\",\"author\":\"Joomla! Project\",\"copyright\":\"Copyright (C) 2005 - 2012 Open Source Matters. All rights reserved.\",\"authorEmail\":\"admin@joomla.org\",\"authorUrl\":\"www.joomla.org\",\"version\":\"2.5.0\",\"description\":\"MOD_ARTICLES_CATEGORY_XML_DESCRIPTION\",\"group\":\"\"}', '', '', '', '0', '0000-00-00 00:00:00', '0', '0'), ('221', 'mod_articles_categories', 'module', 'mod_articles_categories', '', '0', '1', '1', '1', '{\"legacy\":false,\"name\":\"mod_articles_categories\",\"type\":\"module\",\"creationDate\":\"February 2010\",\"author\":\"Joomla! Project\",\"copyright\":\"Copyright (C) 2005 - 2012 Open Source Matters. All rights reserved.\",\"authorEmail\":\"admin@joomla.org\",\"authorUrl\":\"www.joomla.org\",\"version\":\"2.5.0\",\"description\":\"MOD_ARTICLES_CATEGORIES_XML_DESCRIPTION\",\"group\":\"\"}', '', '', '', '0', '0000-00-00 00:00:00', '0', '0'), ('222', 'mod_languages', 'module', 'mod_languages', '', '0', '1', '1', '1', '{\"legacy\":false,\"name\":\"mod_languages\",\"type\":\"module\",\"creationDate\":\"February 2010\",\"author\":\"Joomla! Project\",\"copyright\":\"Copyright (C) 2005 - 2012 Open Source Matters. All rights reserved.\",\"authorEmail\":\"admin@joomla.org\",\"authorUrl\":\"www.joomla.org\",\"version\":\"2.5.0\",\"description\":\"MOD_LANGUAGES_XML_DESCRIPTION\",\"group\":\"\"}', '', '', '', '0', '0000-00-00 00:00:00', '0', '0'), ('223', 'mod_finder', 'module', 'mod_finder', '', '0', '1', '0', '0', '{\"legacy\":false,\"name\":\"mod_finder\",\"type\":\"module\",\"creationDate\":\"August 2011\",\"author\":\"Joomla! Project\",\"copyright\":\"(C) 2005 - 2012 Open Source Matters. All rights reserved.\",\"authorEmail\":\"admin@joomla.org\",\"authorUrl\":\"www.joomla.org\",\"version\":\"2.5.0\",\"description\":\"MOD_FINDER_XML_DESCRIPTION\",\"group\":\"\"}', '', '', '', '0', '0000-00-00 00:00:00', '0', '0'), ('300', 'mod_custom', 'module', 'mod_custom', '', '1', '1', '1', '1', '{\"legacy\":false,\"name\":\"mod_custom\",\"type\":\"module\",\"creationDate\":\"July 2004\",\"author\":\"Joomla! Project\",\"copyright\":\"Copyright (C) 2005 - 2012 Open Source Matters. All rights reserved.\",\"authorEmail\":\"admin@joomla.org\",\"authorUrl\":\"www.joomla.org\",\"version\":\"2.5.0\",\"description\":\"MOD_CUSTOM_XML_DESCRIPTION\",\"group\":\"\"}', '', '', '', '0', '0000-00-00 00:00:00', '0', '0'), ('301', 'mod_feed', 'module', 'mod_feed', '', '1', '1', '1', '0', '{\"legacy\":false,\"name\":\"mod_feed\",\"type\":\"module\",\"creationDate\":\"July 2005\",\"author\":\"Joomla! Project\",\"copyright\":\"Copyright (C) 2005 - 2012 Open Source Matters. All rights reserved.\",\"authorEmail\":\"admin@joomla.org\",\"authorUrl\":\"www.joomla.org\",\"version\":\"2.5.0\",\"description\":\"MOD_FEED_XML_DESCRIPTION\",\"group\":\"\"}', '', '', '', '0', '0000-00-00 00:00:00', '0', '0'), ('302', 'mod_latest', 'module', 'mod_latest', '', '1', '1', '1', '0', '{\"legacy\":false,\"name\":\"mod_latest\",\"type\":\"module\",\"creationDate\":\"July 2004\",\"author\":\"Joomla! Project\",\"copyright\":\"Copyright (C) 2005 - 2012 Open Source Matters. All rights reserved.\",\"authorEmail\":\"admin@joomla.org\",\"authorUrl\":\"www.joomla.org\",\"version\":\"2.5.0\",\"description\":\"MOD_LATEST_XML_DESCRIPTION\",\"group\":\"\"}', '', '', '', '0', '0000-00-00 00:00:00', '0', '0'), ('303', 'mod_logged', 'module', 'mod_logged', '', '1', '1', '1', '0', '{\"legacy\":false,\"name\":\"mod_logged\",\"type\":\"module\",\"creationDate\":\"January 2005\",\"author\":\"Joomla! Project\",\"copyright\":\"Copyright (C) 2005 - 2012 Open Source Matters. All rights reserved.\",\"authorEmail\":\"admin@joomla.org\",\"authorUrl\":\"www.joomla.org\",\"version\":\"2.5.0\",\"description\":\"MOD_LOGGED_XML_DESCRIPTION\",\"group\":\"\"}', '', '', '', '0', '0000-00-00 00:00:00', '0', '0'), ('304', 'mod_login', 'module', 'mod_login', '', '1', '1', '1', '1', '{\"legacy\":false,\"name\":\"mod_login\",\"type\":\"module\",\"creationDate\":\"March 2005\",\"author\":\"Joomla! Project\",\"copyright\":\"Copyright (C) 2005 - 2012 Open Source Matters. All rights reserved.\",\"authorEmail\":\"admin@joomla.org\",\"authorUrl\":\"www.joomla.org\",\"version\":\"2.5.0\",\"description\":\"MOD_LOGIN_XML_DESCRIPTION\",\"group\":\"\"}', '', '', '', '0', '0000-00-00 00:00:00', '0', '0'), ('305', 'mod_menu', 'module', 'mod_menu', '', '1', '1', '1', '0', '{\"legacy\":false,\"name\":\"mod_menu\",\"type\":\"module\",\"creationDate\":\"March 2006\",\"author\":\"Joomla! Project\",\"copyright\":\"Copyright (C) 2005 - 2012 Open Source Matters. All rights reserved.\",\"authorEmail\":\"admin@joomla.org\",\"authorUrl\":\"www.joomla.org\",\"version\":\"2.5.0\",\"description\":\"MOD_MENU_XML_DESCRIPTION\",\"group\":\"\"}', '', '', '', '0', '0000-00-00 00:00:00', '0', '0'), ('307', 'mod_popular', 'module', 'mod_popular', '', '1', '1', '1', '0', '{\"legacy\":false,\"name\":\"mod_popular\",\"type\":\"module\",\"creationDate\":\"July 2004\",\"author\":\"Joomla! Project\",\"copyright\":\"Copyright (C) 2005 - 2012 Open Source Matters. All rights reserved.\",\"authorEmail\":\"admin@joomla.org\",\"authorUrl\":\"www.joomla.org\",\"version\":\"2.5.0\",\"description\":\"MOD_POPULAR_XML_DESCRIPTION\",\"group\":\"\"}', '', '', '', '0', '0000-00-00 00:00:00', '0', '0'), ('308', 'mod_quickicon', 'module', 'mod_quickicon', '', '1', '1', '1', '1', '{\"legacy\":false,\"name\":\"mod_quickicon\",\"type\":\"module\",\"creationDate\":\"Nov 2005\",\"author\":\"Joomla! Project\",\"copyright\":\"Copyright (C) 2005 - 2012 Open Source Matters. All rights reserved.\",\"authorEmail\":\"admin@joomla.org\",\"authorUrl\":\"www.joomla.org\",\"version\":\"2.5.0\",\"description\":\"MOD_QUICKICON_XML_DESCRIPTION\",\"group\":\"\"}', '', '', '', '0', '0000-00-00 00:00:00', '0', '0'), ('309', 'mod_status', 'module', 'mod_status', '', '1', '1', '1', '0', '{\"legacy\":false,\"name\":\"mod_status\",\"type\":\"module\",\"creationDate\":\"Feb 2006\",\"author\":\"Joomla! Project\",\"copyright\":\"(C) 2005 - 2012 Open Source Matters. All rights reserved.\",\"authorEmail\":\"admin@joomla.org\",\"authorUrl\":\"www.joomla.org\",\"version\":\"2.5.0\",\"description\":\"MOD_STATUS_XML_DESCRIPTION\",\"group\":\"\"}', '', '', '', '0', '0000-00-00 00:00:00', '0', '0'), ('310', 'mod_submenu', 'module', 'mod_submenu', '', '1', '1', '1', '0', '{\"legacy\":false,\"name\":\"mod_submenu\",\"type\":\"module\",\"creationDate\":\"Feb 2006\",\"author\":\"Joomla! Project\",\"copyright\":\"Copyright (C) 2005 - 2012 Open Source Matters. All rights reserved.\",\"authorEmail\":\"admin@joomla.org\",\"authorUrl\":\"www.joomla.org\",\"version\":\"2.5.0\",\"description\":\"MOD_SUBMENU_XML_DESCRIPTION\",\"group\":\"\"}', '', '', '', '0', '0000-00-00 00:00:00', '0', '0'), ('311', 'mod_title', 'module', 'mod_title', '', '1', '1', '1', '0', '{\"legacy\":false,\"name\":\"mod_title\",\"type\":\"module\",\"creationDate\":\"Nov 2005\",\"author\":\"Joomla! Project\",\"copyright\":\"Copyright (C) 2005 - 2012 Open Source Matters. All rights reserved.\",\"authorEmail\":\"admin@joomla.org\",\"authorUrl\":\"www.joomla.org\",\"version\":\"2.5.0\",\"description\":\"MOD_TITLE_XML_DESCRIPTION\",\"group\":\"\"}', '', '', '', '0', '0000-00-00 00:00:00', '0', '0'), ('312', 'mod_toolbar', 'module', 'mod_toolbar', '', '1', '1', '1', '1', '{\"legacy\":false,\"name\":\"mod_toolbar\",\"type\":\"module\",\"creationDate\":\"Nov 2005\",\"author\":\"Joomla! Project\",\"copyright\":\"Copyright (C) 2005 - 2012 Open Source Matters. All rights reserved.\",\"authorEmail\":\"admin@joomla.org\",\"authorUrl\":\"www.joomla.org\",\"version\":\"2.5.0\",\"description\":\"MOD_TOOLBAR_XML_DESCRIPTION\",\"group\":\"\"}', '', '', '', '0', '0000-00-00 00:00:00', '0', '0'), ('313', 'mod_multilangstatus', 'module', 'mod_multilangstatus', '', '1', '1', '1', '0', '{\"legacy\":false,\"name\":\"mod_multilangstatus\",\"type\":\"module\",\"creationDate\":\"September 2011\",\"author\":\"Joomla! Project\",\"copyright\":\"Copyright (C) 2005 - 2012 Open Source Matters. All rights reserved.\",\"authorEmail\":\"admin@joomla.org\",\"authorUrl\":\"www.joomla.org\",\"version\":\"2.5.0\",\"description\":\"MOD_MULTILANGSTATUS_XML_DESCRIPTION\",\"group\":\"\"}', '{\"cache\":\"0\"}', '', '', '0', '0000-00-00 00:00:00', '0', '0'), ('314', 'mod_version', 'module', 'mod_version', '', '1', '1', '1', '0', '{\"legacy\":false,\"name\":\"mod_version\",\"type\":\"module\",\"creationDate\":\"January 2012\",\"author\":\"Joomla! Project\",\"copyright\":\"Copyright (C) 2005 - 2012 Open Source Matters. All rights reserved.\",\"authorEmail\":\"admin@joomla.org\",\"authorUrl\":\"www.joomla.org\",\"version\":\"2.5.0\",\"description\":\"MOD_VERSION_XML_DESCRIPTION\",\"group\":\"\"}', '{\"format\":\"short\",\"product\":\"1\",\"cache\":\"0\"}', '', '', '0', '0000-00-00 00:00:00', '0', '0'), ('400', 'plg_authentication_gmail', 'plugin', 'gmail', 'authentication', '0', '0', '1', '0', '{\"legacy\":false,\"name\":\"plg_authentication_gmail\",\"type\":\"plugin\",\"creationDate\":\"February 2006\",\"author\":\"Joomla! Project\",\"copyright\":\"Copyright (C) 2005 - 2012 Open Source Matters. All rights reserved.\",\"authorEmail\":\"admin@joomla.org\",\"authorUrl\":\"www.joomla.org\",\"version\":\"2.5.0\",\"description\":\"PLG_GMAIL_XML_DESCRIPTION\",\"group\":\"\"}', '{\"applysuffix\":\"0\",\"suffix\":\"\",\"verifypeer\":\"1\",\"user_blacklist\":\"\"}', '', '', '0', '0000-00-00 00:00:00', '1', '0'), ('401', 'plg_authentication_joomla', 'plugin', 'joomla', 'authentication', '0', '1', '1', '1', '{\"legacy\":false,\"name\":\"plg_authentication_joomla\",\"type\":\"plugin\",\"creationDate\":\"November 2005\",\"author\":\"Joomla! Project\",\"copyright\":\"Copyright (C) 2005 - 2012 Open Source Matters. All rights reserved.\",\"authorEmail\":\"admin@joomla.org\",\"authorUrl\":\"www.joomla.org\",\"version\":\"2.5.0\",\"description\":\"PLG_AUTH_JOOMLA_XML_DESCRIPTION\",\"group\":\"\"}', '{}', '', '', '0', '0000-00-00 00:00:00', '0', '0'), ('402', 'plg_authentication_ldap', 'plugin', 'ldap', 'authentication', '0', '0', '1', '0', '{\"legacy\":false,\"name\":\"plg_authentication_ldap\",\"type\":\"plugin\",\"creationDate\":\"November 2005\",\"author\":\"Joomla! Project\",\"copyright\":\"Copyright (C) 2005 - 2012 Open Source Matters. All rights reserved.\",\"authorEmail\":\"admin@joomla.org\",\"authorUrl\":\"www.joomla.org\",\"version\":\"2.5.0\",\"description\":\"PLG_LDAP_XML_DESCRIPTION\",\"group\":\"\"}', '{\"host\":\"\",\"port\":\"389\",\"use_ldapV3\":\"0\",\"negotiate_tls\":\"0\",\"no_referrals\":\"0\",\"auth_method\":\"bind\",\"base_dn\":\"\",\"search_string\":\"\",\"users_dn\":\"\",\"username\":\"admin\",\"password\":\"bobby7\",\"ldap_fullname\":\"fullName\",\"ldap_email\":\"mail\",\"ldap_uid\":\"uid\"}', '', '', '0', '0000-00-00 00:00:00', '3', '0'), ('404', 'plg_content_emailcloak', 'plugin', 'emailcloak', 'content', '0', '1', '1', '0', '{\"legacy\":false,\"name\":\"plg_content_emailcloak\",\"type\":\"plugin\",\"creationDate\":\"November 2005\",\"author\":\"Joomla! Project\",\"copyright\":\"Copyright (C) 2005 - 2012 Open Source Matters. All rights reserved.\",\"authorEmail\":\"admin@joomla.org\",\"authorUrl\":\"www.joomla.org\",\"version\":\"2.5.0\",\"description\":\"PLG_CONTENT_EMAILCLOAK_XML_DESCRIPTION\",\"group\":\"\"}', '{\"mode\":\"1\"}', '', '', '0', '0000-00-00 00:00:00', '1', '0'), ('405', 'plg_content_geshi', 'plugin', 'geshi', 'content', '0', '0', '1', '0', '{\"legacy\":false,\"name\":\"plg_content_geshi\",\"type\":\"plugin\",\"creationDate\":\"November 2005\",\"author\":\"Joomla! Project\",\"copyright\":\"Copyright (C) 2005 - 2012 Open Source Matters. All rights reserved.\",\"authorEmail\":\"\",\"authorUrl\":\"qbnz.com\\/highlighter\",\"version\":\"2.5.0\",\"description\":\"PLG_CONTENT_GESHI_XML_DESCRIPTION\",\"group\":\"\"}', '{}', '', '', '0', '0000-00-00 00:00:00', '2', '0'), ('406', 'plg_content_loadmodule', 'plugin', 'loadmodule', 'content', '0', '1', '1', '0', '{\"legacy\":false,\"name\":\"plg_content_loadmodule\",\"type\":\"plugin\",\"creationDate\":\"November 2005\",\"author\":\"Joomla! Project\",\"copyright\":\"Copyright (C) 2005 - 2012 Open Source Matters. All rights reserved.\",\"authorEmail\":\"admin@joomla.org\",\"authorUrl\":\"www.joomla.org\",\"version\":\"2.5.0\",\"description\":\"PLG_LOADMODULE_XML_DESCRIPTION\",\"group\":\"\"}', '{\"style\":\"xhtml\"}', '', '', '0', '2011-09-18 15:22:50', '0', '0'), ('407', 'plg_content_pagebreak', 'plugin', 'pagebreak', 'content', '0', '1', '1', '1', '{\"legacy\":false,\"name\":\"plg_content_pagebreak\",\"type\":\"plugin\",\"creationDate\":\"November 2005\",\"author\":\"Joomla! Project\",\"copyright\":\"Copyright (C) 2005 - 2012 Open Source Matters. All rights reserved.\",\"authorEmail\":\"admin@joomla.org\",\"authorUrl\":\"www.joomla.org\",\"version\":\"2.5.0\",\"description\":\"PLG_CONTENT_PAGEBREAK_XML_DESCRIPTION\",\"group\":\"\"}', '{\"title\":\"1\",\"multipage_toc\":\"1\",\"showall\":\"1\"}', '', '', '0', '0000-00-00 00:00:00', '4', '0'), ('408', 'plg_content_pagenavigation', 'plugin', 'pagenavigation', 'content', '0', '1', '1', '1', '{\"legacy\":false,\"name\":\"plg_content_pagenavigation\",\"type\":\"plugin\",\"creationDate\":\"January 2006\",\"author\":\"Joomla! Project\",\"copyright\":\"Copyright (C) 2005 - 2012 Open Source Matters. All rights reserved.\",\"authorEmail\":\"admin@joomla.org\",\"authorUrl\":\"www.joomla.org\",\"version\":\"2.5.0\",\"description\":\"PLG_PAGENAVIGATION_XML_DESCRIPTION\",\"group\":\"\"}', '{\"position\":\"1\"}', '', '', '0', '0000-00-00 00:00:00', '5', '0'), ('409', 'plg_content_vote', 'plugin', 'vote', 'content', '0', '1', '1', '1', '{\"legacy\":false,\"name\":\"plg_content_vote\",\"type\":\"plugin\",\"creationDate\":\"November 2005\",\"author\":\"Joomla! Project\",\"copyright\":\"Copyright (C) 2005 - 2012 Open Source Matters. All rights reserved.\",\"authorEmail\":\"admin@joomla.org\",\"authorUrl\":\"www.joomla.org\",\"version\":\"2.5.0\",\"description\":\"PLG_VOTE_XML_DESCRIPTION\",\"group\":\"\"}', '{}', '', '', '0', '0000-00-00 00:00:00', '6', '0'), ('410', 'plg_editors_codemirror', 'plugin', 'codemirror', 'editors', '0', '1', '1', '1', '{\"legacy\":false,\"name\":\"plg_editors_codemirror\",\"type\":\"plugin\",\"creationDate\":\"28 March 2011\",\"author\":\"Marijn Haverbeke\",\"copyright\":\"\",\"authorEmail\":\"N\\/A\",\"authorUrl\":\"\",\"version\":\"1.0\",\"description\":\"PLG_CODEMIRROR_XML_DESCRIPTION\",\"group\":\"\"}', '{\"linenumbers\":\"0\",\"tabmode\":\"indent\"}', '', '', '0', '0000-00-00 00:00:00', '1', '0'), ('411', 'plg_editors_none', 'plugin', 'none', 'editors', '0', '1', '1', '1', '{\"legacy\":false,\"name\":\"plg_editors_none\",\"type\":\"plugin\",\"creationDate\":\"August 2004\",\"author\":\"Unknown\",\"copyright\":\"\",\"authorEmail\":\"N\\/A\",\"authorUrl\":\"\",\"version\":\"2.5.0\",\"description\":\"PLG_NONE_XML_DESCRIPTION\",\"group\":\"\"}', '{}', '', '', '0', '0000-00-00 00:00:00', '2', '0'), ('412', 'plg_editors_tinymce', 'plugin', 'tinymce', 'editors', '0', '1', '1', '1', '{\"legacy\":false,\"name\":\"plg_editors_tinymce\",\"type\":\"plugin\",\"creationDate\":\"2005-2012\",\"author\":\"Moxiecode Systems AB\",\"copyright\":\"Moxiecode Systems AB\",\"authorEmail\":\"N\\/A\",\"authorUrl\":\"tinymce.moxiecode.com\\/\",\"version\":\"3.4.9\",\"description\":\"PLG_TINY_XML_DESCRIPTION\",\"group\":\"\"}', '{\"mode\":\"2\",\"skin\":\"0\",\"entity_encoding\":\"raw\",\"lang_mode\":\"0\",\"lang_code\":\"fr\",\"text_direction\":\"ltr\",\"content_css\":\"1\",\"content_css_custom\":\"\",\"relative_urls\":\"1\",\"newlines\":\"0\",\"invalid_elements\":\"script,applet,iframe\",\"extended_elements\":\"\",\"toolbar\":\"top\",\"toolbar_align\":\"left\",\"html_height\":\"550\",\"html_width\":\"750\",\"resizing\":\"true\",\"resize_horizontal\":\"false\",\"element_path\":\"1\",\"fonts\":\"1\",\"paste\":\"1\",\"searchreplace\":\"1\",\"insertdate\":\"1\",\"format_date\":\"%d-%m-%Y\",\"inserttime\":\"1\",\"format_time\":\"%H:%M:%S\",\"colors\":\"1\",\"table\":\"1\",\"smilies\":\"1\",\"media\":\"1\",\"hr\":\"1\",\"directionality\":\"1\",\"fullscreen\":\"1\",\"style\":\"1\",\"layer\":\"1\",\"xhtmlxtras\":\"1\",\"visualchars\":\"1\",\"nonbreaking\":\"1\",\"template\":\"1\",\"blockquote\":\"1\",\"wordcount\":\"1\",\"advimage\":\"1\",\"advlink\":\"1\",\"advlist\":\"1\",\"autosave\":\"1\",\"contextmenu\":\"1\",\"inlinepopups\":\"1\",\"custom_plugin\":\"\",\"custom_button\":\"\"}', '', '', '0', '0000-00-00 00:00:00', '3', '0'), ('413', 'plg_editors-xtd_article', 'plugin', 'article', 'editors-xtd', '0', '1', '1', '1', '{\"legacy\":false,\"name\":\"plg_editors-xtd_article\",\"type\":\"plugin\",\"creationDate\":\"October 2009\",\"author\":\"Joomla! Project\",\"copyright\":\"Copyright (C) 2005 - 2012 Open Source Matters. All rights reserved.\",\"authorEmail\":\"admin@joomla.org\",\"authorUrl\":\"www.joomla.org\",\"version\":\"2.5.0\",\"description\":\"PLG_ARTICLE_XML_DESCRIPTION\",\"group\":\"\"}', '{}', '', '', '0', '0000-00-00 00:00:00', '1', '0'), ('414', 'plg_editors-xtd_image', 'plugin', 'image', 'editors-xtd', '0', '1', '1', '0', '{\"legacy\":false,\"name\":\"plg_editors-xtd_image\",\"type\":\"plugin\",\"creationDate\":\"August 2004\",\"author\":\"Joomla! Project\",\"copyright\":\"Copyright (C) 2005 - 2012 Open Source Matters. All rights reserved.\",\"authorEmail\":\"admin@joomla.org\",\"authorUrl\":\"www.joomla.org\",\"version\":\"2.5.0\",\"description\":\"PLG_IMAGE_XML_DESCRIPTION\",\"group\":\"\"}', '{}', '', '', '0', '0000-00-00 00:00:00', '2', '0'), ('415', 'plg_editors-xtd_pagebreak', 'plugin', 'pagebreak', 'editors-xtd', '0', '1', '1', '0', '{\"legacy\":false,\"name\":\"plg_editors-xtd_pagebreak\",\"type\":\"plugin\",\"creationDate\":\"August 2004\",\"author\":\"Joomla! Project\",\"copyright\":\"Copyright (C) 2005 - 2012 Open Source Matters. All rights reserved.\",\"authorEmail\":\"admin@joomla.org\",\"authorUrl\":\"www.joomla.org\",\"version\":\"2.5.0\",\"description\":\"PLG_EDITORSXTD_PAGEBREAK_XML_DESCRIPTION\",\"group\":\"\"}', '{}', '', '', '0', '0000-00-00 00:00:00', '3', '0'), ('416', 'plg_editors-xtd_readmore', 'plugin', 'readmore', 'editors-xtd', '0', '1', '1', '0', '{\"legacy\":false,\"name\":\"plg_editors-xtd_readmore\",\"type\":\"plugin\",\"creationDate\":\"March 2006\",\"author\":\"Joomla! Project\",\"copyright\":\"Copyright (C) 2005 - 2012 Open Source Matters. All rights reserved.\",\"authorEmail\":\"admin@joomla.org\",\"authorUrl\":\"www.joomla.org\",\"version\":\"2.5.0\",\"description\":\"PLG_READMORE_XML_DESCRIPTION\",\"group\":\"\"}', '{}', '', '', '0', '0000-00-00 00:00:00', '4', '0'), ('417', 'plg_search_categories', 'plugin', 'categories', 'search', '0', '1', '1', '0', '{\"legacy\":false,\"name\":\"plg_search_categories\",\"type\":\"plugin\",\"creationDate\":\"November 2005\",\"author\":\"Joomla! Project\",\"copyright\":\"Copyright (C) 2005 - 2012 Open Source Matters. All rights reserved.\",\"authorEmail\":\"admin@joomla.org\",\"authorUrl\":\"www.joomla.org\",\"version\":\"2.5.0\",\"description\":\"PLG_SEARCH_CATEGORIES_XML_DESCRIPTION\",\"group\":\"\"}', '{\"search_limit\":\"50\",\"search_content\":\"1\",\"search_archived\":\"1\"}', '', '', '0', '0000-00-00 00:00:00', '0', '0'), ('418', 'plg_search_contacts', 'plugin', 'contacts', 'search', '0', '1', '1', '0', '{\"legacy\":false,\"name\":\"plg_search_contacts\",\"type\":\"plugin\",\"creationDate\":\"November 2005\",\"author\":\"Joomla! Project\",\"copyright\":\"Copyright (C) 2005 - 2012 Open Source Matters. All rights reserved.\",\"authorEmail\":\"admin@joomla.org\",\"authorUrl\":\"www.joomla.org\",\"version\":\"2.5.0\",\"description\":\"PLG_SEARCH_CONTACTS_XML_DESCRIPTION\",\"group\":\"\"}', '{\"search_limit\":\"50\",\"search_content\":\"1\",\"search_archived\":\"1\"}', '', '', '0', '0000-00-00 00:00:00', '0', '0'), ('419', 'plg_search_content', 'plugin', 'content', 'search', '0', '1', '1', '0', '{\"legacy\":false,\"name\":\"plg_search_content\",\"type\":\"plugin\",\"creationDate\":\"November 2005\",\"author\":\"Joomla! Project\",\"copyright\":\"Copyright (C) 2005 - 2012 Open Source Matters. All rights reserved.\",\"authorEmail\":\"admin@joomla.org\",\"authorUrl\":\"www.joomla.org\",\"version\":\"2.5.0\",\"description\":\"PLG_SEARCH_CONTENT_XML_DESCRIPTION\",\"group\":\"\"}', '{\"search_limit\":\"50\",\"search_content\":\"1\",\"search_archived\":\"1\"}', '', '', '0', '0000-00-00 00:00:00', '0', '0'), ('420', 'plg_search_newsfeeds', 'plugin', 'newsfeeds', 'search', '0', '1', '1', '0', '{\"legacy\":false,\"name\":\"plg_search_newsfeeds\",\"type\":\"plugin\",\"creationDate\":\"November 2005\",\"author\":\"Joomla! Project\",\"copyright\":\"Copyright (C) 2005 - 2012 Open Source Matters. All rights reserved.\",\"authorEmail\":\"admin@joomla.org\",\"authorUrl\":\"www.joomla.org\",\"version\":\"2.5.0\",\"description\":\"PLG_SEARCH_NEWSFEEDS_XML_DESCRIPTION\",\"group\":\"\"}', '{\"search_limit\":\"50\",\"search_content\":\"1\",\"search_archived\":\"1\"}', '', '', '0', '0000-00-00 00:00:00', '0', '0'), ('421', 'plg_search_weblinks', 'plugin', 'weblinks', 'search', '0', '1', '1', '0', '{\"legacy\":false,\"name\":\"plg_search_weblinks\",\"type\":\"plugin\",\"creationDate\":\"November 2005\",\"author\":\"Joomla! Project\",\"copyright\":\"Copyright (C) 2005 - 2012 Open Source Matters. All rights reserved.\",\"authorEmail\":\"admin@joomla.org\",\"authorUrl\":\"www.joomla.org\",\"version\":\"2.5.0\",\"description\":\"PLG_SEARCH_WEBLINKS_XML_DESCRIPTION\",\"group\":\"\"}', '{\"search_limit\":\"50\",\"search_content\":\"1\",\"search_archived\":\"1\"}', '', '', '0', '0000-00-00 00:00:00', '0', '0'), ('422', 'plg_system_languagefilter', 'plugin', 'languagefilter', 'system', '0', '0', '1', '1', '{\"legacy\":false,\"name\":\"plg_system_languagefilter\",\"type\":\"plugin\",\"creationDate\":\"July 2010\",\"author\":\"Joomla! Project\",\"copyright\":\"Copyright (C) 2005 - 2012 Open Source Matters. All rights reserved.\",\"authorEmail\":\"admin@joomla.org\",\"authorUrl\":\"www.joomla.org\",\"version\":\"2.5.0\",\"description\":\"PLG_SYSTEM_LANGUAGEFILTER_XML_DESCRIPTION\",\"group\":\"\"}', '{}', '', '', '0', '0000-00-00 00:00:00', '1', '0'), ('423', 'plg_system_p3p', 'plugin', 'p3p', 'system', '0', '1', '1', '1', '{\"legacy\":false,\"name\":\"plg_system_p3p\",\"type\":\"plugin\",\"creationDate\":\"September 2010\",\"author\":\"Joomla! Project\",\"copyright\":\"Copyright (C) 2005 - 2012 Open Source Matters. All rights reserved.\",\"authorEmail\":\"admin@joomla.org\",\"authorUrl\":\"www.joomla.org\",\"version\":\"2.5.0\",\"description\":\"PLG_P3P_XML_DESCRIPTION\",\"group\":\"\"}', '{\"headers\":\"NOI ADM DEV PSAi COM NAV OUR OTRo STP IND DEM\"}', '', '', '0', '0000-00-00 00:00:00', '2', '0'), ('424', 'plg_system_cache', 'plugin', 'cache', 'system', '0', '0', '1', '1', '{\"legacy\":false,\"name\":\"plg_system_cache\",\"type\":\"plugin\",\"creationDate\":\"February 2007\",\"author\":\"Joomla! Project\",\"copyright\":\"Copyright (C) 2005 - 2012 Open Source Matters. All rights reserved.\",\"authorEmail\":\"admin@joomla.org\",\"authorUrl\":\"www.joomla.org\",\"version\":\"2.5.0\",\"description\":\"PLG_CACHE_XML_DESCRIPTION\",\"group\":\"\"}', '{\"browsercache\":\"0\",\"cachetime\":\"15\"}', '', '', '0', '0000-00-00 00:00:00', '9', '0'), ('425', 'plg_system_debug', 'plugin', 'debug', 'system', '0', '1', '1', '0', '{\"legacy\":false,\"name\":\"plg_system_debug\",\"type\":\"plugin\",\"creationDate\":\"December 2006\",\"author\":\"Joomla! Project\",\"copyright\":\"Copyright (C) 2005 - 2012 Open Source Matters. All rights reserved.\",\"authorEmail\":\"admin@joomla.org\",\"authorUrl\":\"www.joomla.org\",\"version\":\"2.5.0\",\"description\":\"PLG_DEBUG_XML_DESCRIPTION\",\"group\":\"\"}', '{\"profile\":\"1\",\"queries\":\"1\",\"memory\":\"1\",\"language_files\":\"1\",\"language_strings\":\"1\",\"strip-first\":\"1\",\"strip-prefix\":\"\",\"strip-suffix\":\"\"}', '', '', '0', '0000-00-00 00:00:00', '4', '0'), ('426', 'plg_system_log', 'plugin', 'log', 'system', '0', '1', '1', '1', '{\"legacy\":false,\"name\":\"plg_system_log\",\"type\":\"plugin\",\"creationDate\":\"April 2007\",\"author\":\"Joomla! Project\",\"copyright\":\"Copyright (C) 2005 - 2012 Open Source Matters. All rights reserved.\",\"authorEmail\":\"admin@joomla.org\",\"authorUrl\":\"www.joomla.org\",\"version\":\"2.5.0\",\"description\":\"PLG_LOG_XML_DESCRIPTION\",\"group\":\"\"}', '{}', '', '', '0', '0000-00-00 00:00:00', '5', '0'), ('427', 'plg_system_redirect', 'plugin', 'redirect', 'system', '0', '1', '1', '1', '{\"legacy\":false,\"name\":\"plg_system_redirect\",\"type\":\"plugin\",\"creationDate\":\"April 2009\",\"author\":\"Joomla! Project\",\"copyright\":\"Copyright (C) 2005 - 2012 Open Source Matters. All rights reserved.\",\"authorEmail\":\"admin@joomla.org\",\"authorUrl\":\"www.joomla.org\",\"version\":\"2.5.0\",\"description\":\"PLG_REDIRECT_XML_DESCRIPTION\",\"group\":\"\"}', '{}', '', '', '0', '0000-00-00 00:00:00', '6', '0'), ('428', 'plg_system_remember', 'plugin', 'remember', 'system', '0', '1', '1', '1', '{\"legacy\":false,\"name\":\"plg_system_remember\",\"type\":\"plugin\",\"creationDate\":\"April 2007\",\"author\":\"Joomla! Project\",\"copyright\":\"Copyright (C) 2005 - 2012 Open Source Matters. All rights reserved.\",\"authorEmail\":\"admin@joomla.org\",\"authorUrl\":\"www.joomla.org\",\"version\":\"2.5.0\",\"description\":\"PLG_REMEMBER_XML_DESCRIPTION\",\"group\":\"\"}', '{}', '', '', '0', '0000-00-00 00:00:00', '7', '0'), ('429', 'plg_system_sef', 'plugin', 'sef', 'system', '0', '1', '1', '0', '{\"legacy\":false,\"name\":\"plg_system_sef\",\"type\":\"plugin\",\"creationDate\":\"December 2007\",\"author\":\"Joomla! Project\",\"copyright\":\"Copyright (C) 2005 - 2012 Open Source Matters. All rights reserved.\",\"authorEmail\":\"admin@joomla.org\",\"authorUrl\":\"www.joomla.org\",\"version\":\"2.5.0\",\"description\":\"PLG_SEF_XML_DESCRIPTION\",\"group\":\"\"}', '{}', '', '', '0', '0000-00-00 00:00:00', '8', '0'), ('430', 'plg_system_logout', 'plugin', 'logout', 'system', '0', '1', '1', '1', '{\"legacy\":false,\"name\":\"plg_system_logout\",\"type\":\"plugin\",\"creationDate\":\"April 2009\",\"author\":\"Joomla! Project\",\"copyright\":\"Copyright (C) 2005 - 2012 Open Source Matters. All rights reserved.\",\"authorEmail\":\"admin@joomla.org\",\"authorUrl\":\"www.joomla.org\",\"version\":\"2.5.0\",\"description\":\"PLG_SYSTEM_LOGOUT_XML_DESCRIPTION\",\"group\":\"\"}', '{}', '', '', '0', '0000-00-00 00:00:00', '3', '0'), ('431', 'plg_user_contactcreator', 'plugin', 'contactcreator', 'user', '0', '0', '1', '1', '{\"legacy\":false,\"name\":\"plg_user_contactcreator\",\"type\":\"plugin\",\"creationDate\":\"August 2009\",\"author\":\"Joomla! Project\",\"copyright\":\"(C) 2005 - 2012 Open Source Matters. All rights reserved.\",\"authorEmail\":\"admin@joomla.org\",\"authorUrl\":\"www.joomla.org\",\"version\":\"2.5.0\",\"description\":\"PLG_CONTACTCREATOR_XML_DESCRIPTION\",\"group\":\"\"}', '{\"autowebpage\":\"\",\"category\":\"34\",\"autopublish\":\"0\"}', '', '', '0', '0000-00-00 00:00:00', '1', '0'), ('432', 'plg_user_joomla', 'plugin', 'joomla', 'user', '0', '1', '1', '0', '{\"legacy\":false,\"name\":\"plg_user_joomla\",\"type\":\"plugin\",\"creationDate\":\"December 2006\",\"author\":\"Joomla! Project\",\"copyright\":\"(C) 2005 - 2009 Open Source Matters. All rights reserved.\",\"authorEmail\":\"admin@joomla.org\",\"authorUrl\":\"www.joomla.org\",\"version\":\"2.5.0\",\"description\":\"PLG_USER_JOOMLA_XML_DESCRIPTION\",\"group\":\"\"}', '{\"autoregister\":\"1\"}', '', '', '0', '0000-00-00 00:00:00', '2', '0'), ('433', 'plg_user_profile', 'plugin', 'profile', 'user', '0', '0', '1', '1', '{\"legacy\":false,\"name\":\"plg_user_profile\",\"type\":\"plugin\",\"creationDate\":\"January 2008\",\"author\":\"Joomla! Project\",\"copyright\":\"(C) 2005 - 2012 Open Source Matters. All rights reserved.\",\"authorEmail\":\"admin@joomla.org\",\"authorUrl\":\"www.joomla.org\",\"version\":\"2.5.0\",\"description\":\"PLG_USER_PROFILE_XML_DESCRIPTION\",\"group\":\"\"}', '{\"register-require_address1\":\"1\",\"register-require_address2\":\"1\",\"register-require_city\":\"1\",\"register-require_region\":\"1\",\"register-require_country\":\"1\",\"register-require_postal_code\":\"1\",\"register-require_phone\":\"1\",\"register-require_website\":\"1\",\"register-require_favoritebook\":\"1\",\"register-require_aboutme\":\"1\",\"register-require_tos\":\"1\",\"register-require_dob\":\"1\",\"profile-require_address1\":\"1\",\"profile-require_address2\":\"1\",\"profile-require_city\":\"1\",\"profile-require_region\":\"1\",\"profile-require_country\":\"1\",\"profile-require_postal_code\":\"1\",\"profile-require_phone\":\"1\",\"profile-require_website\":\"1\",\"profile-require_favoritebook\":\"1\",\"profile-require_aboutme\":\"1\",\"profile-require_tos\":\"1\",\"profile-require_dob\":\"1\"}', '', '', '0', '0000-00-00 00:00:00', '0', '0'), ('434', 'plg_extension_joomla', 'plugin', 'joomla', 'extension', '0', '1', '1', '1', '{\"legacy\":false,\"name\":\"plg_extension_joomla\",\"type\":\"plugin\",\"creationDate\":\"May 2010\",\"author\":\"Joomla! Project\",\"copyright\":\"Copyright (C) 2005 - 2012 Open Source Matters. All rights reserved.\",\"authorEmail\":\"admin@joomla.org\",\"authorUrl\":\"www.joomla.org\",\"version\":\"2.5.0\",\"description\":\"PLG_EXTENSION_JOOMLA_XML_DESCRIPTION\",\"group\":\"\"}', '{}', '', '', '0', '0000-00-00 00:00:00', '1', '0'), ('435', 'plg_content_joomla', 'plugin', 'joomla', 'content', '0', '1', '1', '0', '{\"legacy\":false,\"name\":\"plg_content_joomla\",\"type\":\"plugin\",\"creationDate\":\"November 2010\",\"author\":\"Joomla! Project\",\"copyright\":\"Copyright (C) 2005 - 2012 Open Source Matters. All rights reserved.\",\"authorEmail\":\"admin@joomla.org\",\"authorUrl\":\"www.joomla.org\",\"version\":\"2.5.0\",\"description\":\"PLG_CONTENT_JOOMLA_XML_DESCRIPTION\",\"group\":\"\"}', '{}', '', '', '0', '0000-00-00 00:00:00', '0', '0'), ('436', 'plg_system_languagecode', 'plugin', 'languagecode', 'system', '0', '0', '1', '0', '{\"legacy\":false,\"name\":\"plg_system_languagecode\",\"type\":\"plugin\",\"creationDate\":\"November 2011\",\"author\":\"Joomla! Project\",\"copyright\":\"Copyright (C) 2005 - 2012 Open Source Matters. All rights reserved.\",\"authorEmail\":\"admin@joomla.org\",\"authorUrl\":\"www.joomla.org\",\"version\":\"2.5.0\",\"description\":\"PLG_SYSTEM_LANGUAGECODE_XML_DESCRIPTION\",\"group\":\"\"}', '{}', '', '', '0', '0000-00-00 00:00:00', '10', '0'), ('437', 'plg_quickicon_joomlaupdate', 'plugin', 'joomlaupdate', 'quickicon', '0', '1', '1', '1', '{\"legacy\":false,\"name\":\"plg_quickicon_joomlaupdate\",\"type\":\"plugin\",\"creationDate\":\"August 2011\",\"author\":\"Joomla! Project\",\"copyright\":\"Copyright (C) 2005 - 2012 Open Source Matters. All rights reserved.\",\"authorEmail\":\"admin@joomla.org\",\"authorUrl\":\"www.joomla.org\",\"version\":\"2.5.0\",\"description\":\"PLG_QUICKICON_JOOMLAUPDATE_XML_DESCRIPTION\",\"group\":\"\"}', '{}', '', '', '0', '0000-00-00 00:00:00', '0', '0'), ('438', 'plg_quickicon_extensionupdate', 'plugin', 'extensionupdate', 'quickicon', '0', '1', '1', '1', '{\"legacy\":false,\"name\":\"plg_quickicon_extensionupdate\",\"type\":\"plugin\",\"creationDate\":\"August 2011\",\"author\":\"Joomla! Project\",\"copyright\":\"Copyright (C) 2005 - 2012 Open Source Matters. All rights reserved.\",\"authorEmail\":\"admin@joomla.org\",\"authorUrl\":\"www.joomla.org\",\"version\":\"2.5.0\",\"description\":\"PLG_QUICKICON_EXTENSIONUPDATE_XML_DESCRIPTION\",\"group\":\"\"}', '{}', '', '', '0', '0000-00-00 00:00:00', '0', '0'), ('439', 'plg_captcha_recaptcha', 'plugin', 'recaptcha', 'captcha', '0', '1', '1', '0', '{\"legacy\":false,\"name\":\"plg_captcha_recaptcha\",\"type\":\"plugin\",\"creationDate\":\"December 2011\",\"author\":\"Joomla! Project\",\"copyright\":\"Copyright (C) 2005 - 2012 Open Source Matters. All rights reserved.\",\"authorEmail\":\"admin@joomla.org\",\"authorUrl\":\"www.joomla.org\",\"version\":\"2.5.0\",\"description\":\"PLG_CAPTCHA_RECAPTCHA_XML_DESCRIPTION\",\"group\":\"\"}', '{\"public_key\":\"\",\"private_key\":\"\",\"theme\":\"clean\"}', '', '', '0', '0000-00-00 00:00:00', '0', '0'), ('440', 'plg_system_highlight', 'plugin', 'highlight', 'system', '0', '1', '1', '0', '{\"legacy\":false,\"name\":\"plg_system_highlight\",\"type\":\"plugin\",\"creationDate\":\"August 2011\",\"author\":\"Joomla! Project\",\"copyright\":\"(C) 2005 - 2012 Open Source Matters. All rights reserved.\",\"authorEmail\":\"admin@joomla.org\",\"authorUrl\":\"www.joomla.org\",\"version\":\"2.5.0\",\"description\":\"PLG_SYSTEM_HIGHLIGHT_XML_DESCRIPTION\",\"group\":\"\"}', '{}', '', '', '0', '0000-00-00 00:00:00', '7', '0'), ('441', 'plg_content_finder', 'plugin', 'finder', 'content', '0', '0', '1', '0', '{\"legacy\":false,\"name\":\"plg_content_finder\",\"type\":\"plugin\",\"creationDate\":\"December 2011\",\"author\":\"Joomla! Project\",\"copyright\":\"Copyright (C) 2005 - 2012 Open Source Matters. All rights reserved.\",\"authorEmail\":\"admin@joomla.org\",\"authorUrl\":\"www.joomla.org\",\"version\":\"2.5.0\",\"description\":\"PLG_CONTENT_FINDER_XML_DESCRIPTION\",\"group\":\"\"}', '{}', '', '', '0', '0000-00-00 00:00:00', '0', '0'), ('442', 'plg_finder_categories', 'plugin', 'categories', 'finder', '0', '1', '1', '0', '{\"legacy\":false,\"name\":\"plg_finder_categories\",\"type\":\"plugin\",\"creationDate\":\"August 2011\",\"author\":\"Joomla! Project\",\"copyright\":\"(C) 2005 - 2012 Open Source Matters. All rights reserved.\",\"authorEmail\":\"admin@joomla.org\",\"authorUrl\":\"www.joomla.org\",\"version\":\"2.5.0\",\"description\":\"PLG_FINDER_CATEGORIES_XML_DESCRIPTION\",\"group\":\"\"}', '{}', '', '', '0', '0000-00-00 00:00:00', '1', '0'), ('443', 'plg_finder_contacts', 'plugin', 'contacts', 'finder', '0', '1', '1', '0', '{\"legacy\":false,\"name\":\"plg_finder_contacts\",\"type\":\"plugin\",\"creationDate\":\"August 2011\",\"author\":\"Joomla! Project\",\"copyright\":\"(C) 2005 - 2012 Open Source Matters. All rights reserved.\",\"authorEmail\":\"admin@joomla.org\",\"authorUrl\":\"www.joomla.org\",\"version\":\"2.5.0\",\"description\":\"PLG_FINDER_CONTACTS_XML_DESCRIPTION\",\"group\":\"\"}', '{}', '', '', '0', '0000-00-00 00:00:00', '2', '0'), ('444', 'plg_finder_content', 'plugin', 'content', 'finder', '0', '1', '1', '0', '{\"legacy\":false,\"name\":\"plg_finder_content\",\"type\":\"plugin\",\"creationDate\":\"August 2011\",\"author\":\"Joomla! Project\",\"copyright\":\"(C) 2005 - 2012 Open Source Matters. All rights reserved.\",\"authorEmail\":\"admin@joomla.org\",\"authorUrl\":\"www.joomla.org\",\"version\":\"2.5.0\",\"description\":\"PLG_FINDER_CONTENT_XML_DESCRIPTION\",\"group\":\"\"}', '{}', '', '', '0', '0000-00-00 00:00:00', '3', '0'), ('445', 'plg_finder_newsfeeds', 'plugin', 'newsfeeds', 'finder', '0', '1', '1', '0', '{\"legacy\":false,\"name\":\"plg_finder_newsfeeds\",\"type\":\"plugin\",\"creationDate\":\"August 2011\",\"author\":\"Joomla! Project\",\"copyright\":\"(C) 2005 - 2012 Open Source Matters. All rights reserved.\",\"authorEmail\":\"admin@joomla.org\",\"authorUrl\":\"www.joomla.org\",\"version\":\"2.5.0\",\"description\":\"PLG_FINDER_NEWSFEEDS_XML_DESCRIPTION\",\"group\":\"\"}', '{}', '', '', '0', '0000-00-00 00:00:00', '4', '0'), ('446', 'plg_finder_weblinks', 'plugin', 'weblinks', 'finder', '0', '1', '1', '0', '{\"legacy\":false,\"name\":\"plg_finder_weblinks\",\"type\":\"plugin\",\"creationDate\":\"August 2011\",\"author\":\"Joomla! Project\",\"copyright\":\"(C) 2005 - 2012 Open Source Matters. All rights reserved.\",\"authorEmail\":\"admin@joomla.org\",\"authorUrl\":\"www.joomla.org\",\"version\":\"2.5.0\",\"description\":\"PLG_FINDER_WEBLINKS_XML_DESCRIPTION\",\"group\":\"\"}', '{}', '', '', '0', '0000-00-00 00:00:00', '5', '0'), ('500', 'atomic', 'template', 'atomic', '', '0', '1', '1', '0', '{\"legacy\":false,\"name\":\"atomic\",\"type\":\"template\",\"creationDate\":\"10\\/10\\/09\",\"author\":\"Ron Severdia\",\"copyright\":\"Copyright (C) 2005 - 2012 Open Source Matters, Inc. All rights reserved.\",\"authorEmail\":\"contact@kontentdesign.com\",\"authorUrl\":\"http:\\/\\/www.kontentdesign.com\",\"version\":\"2.5.0\",\"description\":\"TPL_ATOMIC_XML_DESCRIPTION\",\"group\":\"\"}', '{}', '', '', '0', '0000-00-00 00:00:00', '0', '0'), ('502', 'bluestork', 'template', 'bluestork', '', '1', '1', '1', '0', '{\"legacy\":false,\"name\":\"bluestork\",\"type\":\"template\",\"creationDate\":\"07\\/02\\/09\",\"author\":\"Joomla! Project\",\"copyright\":\"Copyright (C) 2005 - 2012 Open Source Matters, Inc. All rights reserved.\",\"authorEmail\":\"admin@joomla.org\",\"authorUrl\":\"www.joomla.org\",\"version\":\"2.5.0\",\"description\":\"TPL_BLUESTORK_XML_DESCRIPTION\",\"group\":\"\"}', '{\"useRoundedCorners\":\"1\",\"showSiteName\":\"0\",\"textBig\":\"0\",\"highContrast\":\"0\"}', '', '', '0', '0000-00-00 00:00:00', '0', '0'), ('503', 'beez_20', 'template', 'beez_20', '', '0', '1', '1', '0', '{\"legacy\":false,\"name\":\"beez_20\",\"type\":\"template\",\"creationDate\":\"25 November 2009\",\"author\":\"Angie Radtke\",\"copyright\":\"Copyright (C) 2005 - 2012 Open Source Matters, Inc. All rights reserved.\",\"authorEmail\":\"a.radtke@derauftritt.de\",\"authorUrl\":\"http:\\/\\/www.der-auftritt.de\",\"version\":\"2.5.0\",\"description\":\"TPL_BEEZ2_XML_DESCRIPTION\",\"group\":\"\"}', '{\"wrapperSmall\":\"53\",\"wrapperLarge\":\"72\",\"sitetitle\":\"\",\"sitedescription\":\"\",\"navposition\":\"center\",\"templatecolor\":\"nature\"}', '', '', '0', '0000-00-00 00:00:00', '0', '0'), ('504', 'hathor', 'template', 'hathor', '', '1', '1', '1', '0', '{\"legacy\":false,\"name\":\"hathor\",\"type\":\"template\",\"creationDate\":\"May 2010\",\"author\":\"Andrea Tarr\",\"copyright\":\"Copyright (C) 2005 - 2012 Open Source Matters, Inc. All rights reserved.\",\"authorEmail\":\"hathor@tarrconsulting.com\",\"authorUrl\":\"http:\\/\\/www.tarrconsulting.com\",\"version\":\"2.5.0\",\"description\":\"TPL_HATHOR_XML_DESCRIPTION\",\"group\":\"\"}', '{\"showSiteName\":\"0\",\"colourChoice\":\"0\",\"boldText\":\"0\"}', '', '', '0', '0000-00-00 00:00:00', '0', '0'), ('505', 'beez5', 'template', 'beez5', '', '0', '1', '1', '0', '{\"legacy\":false,\"name\":\"beez5\",\"type\":\"template\",\"creationDate\":\"21 May 2010\",\"author\":\"Angie Radtke\",\"copyright\":\"Copyright (C) 2005 - 2012 Open Source Matters, Inc. All rights reserved.\",\"authorEmail\":\"a.radtke@derauftritt.de\",\"authorUrl\":\"http:\\/\\/www.der-auftritt.de\",\"version\":\"2.5.0\",\"description\":\"TPL_BEEZ5_XML_DESCRIPTION\",\"group\":\"\"}', '{\"wrapperSmall\":\"53\",\"wrapperLarge\":\"72\",\"sitetitle\":\"\",\"sitedescription\":\"\",\"navposition\":\"center\",\"html5\":\"0\"}', '', '', '0', '0000-00-00 00:00:00', '0', '0'), ('600', 'English (United Kingdom)', 'language', 'en-GB', '', '0', '1', '1', '1', '{\"legacy\":false,\"name\":\"English (United Kingdom)\",\"type\":\"language\",\"creationDate\":\"2008-03-15\",\"author\":\"Joomla! Project\",\"copyright\":\"Copyright (C) 2005 - 2012 Open Source Matters. All rights reserved.\",\"authorEmail\":\"admin@joomla.org\",\"authorUrl\":\"www.joomla.org\",\"version\":\"2.5.0\",\"description\":\"en-GB site language\",\"group\":\"\"}', '', '', '', '0', '0000-00-00 00:00:00', '0', '0'), ('601', 'English (United Kingdom)', 'language', 'en-GB', '', '1', '1', '1', '1', '{\"legacy\":false,\"name\":\"English (United Kingdom)\",\"type\":\"language\",\"creationDate\":\"2008-03-15\",\"author\":\"Joomla! Project\",\"copyright\":\"Copyright (C) 2005 - 2012 Open Source Matters. All rights reserved.\",\"authorEmail\":\"admin@joomla.org\",\"authorUrl\":\"www.joomla.org\",\"version\":\"2.5.0\",\"description\":\"en-GB administrator language\",\"group\":\"\"}', '', '', '', '0', '0000-00-00 00:00:00', '0', '0'), ('602', 'French (fr-FR)', 'language', 'fr-FR', '', '0', '1', '1', '1', '{\"legacy\":false,\"name\":\"French (fr-FR)\",\"type\":\"language\",\"creationDate\":\"3 avril 2012\",\"author\":\"French translation team : joomla.fr\",\"copyright\":\"Copyright (C) 2005 - 2012 Open Source Matters & joomla.fr. All rights reserved.\",\"authorEmail\":\"traduction@joomla.fr\",\"authorUrl\":\"www.joomla.fr\",\"version\":\"2.5.4.1\",\"description\":\"French site language for Joomla 2.5\",\"group\":\"\"}', '', '', '', '0', '0000-00-00 00:00:00', '0', '0'), ('603', 'French (fr-FR)', 'language', 'fr-FR', '', '1', '1', '1', '1', '{\"legacy\":false,\"name\":\"French (fr-FR)\",\"type\":\"language\",\"creationDate\":\"3 avril 2012\",\"author\":\"French translation team : joomla.fr\",\"copyright\":\"Copyright (C) 2005 - 2012 Open Source Matters & Joomla.fr. All rights reserved.\",\"authorEmail\":\"traduction@joomla.fr\",\"authorUrl\":\"www.joomla.fr\",\"version\":\"2.5.4.1\",\"description\":\"French administrator language for Joomla 2.5\",\"group\":\"\"}', '', '', '', '0', '0000-00-00 00:00:00', '0', '0'), ('700', 'files_joomla', 'file', 'joomla', '', '0', '1', '1', '1', '{\"legacy\":false,\"name\":\"files_joomla\",\"type\":\"file\",\"creationDate\":\"April 2012\",\"author\":\"Joomla! Project\",\"copyright\":\"(C) 2005 - 2012 Open Source Matters. All rights reserved\",\"authorEmail\":\"admin@joomla.org\",\"authorUrl\":\"www.joomla.org\",\"version\":\"2.5.4\",\"description\":\"FILES_JOOMLA_XML_DESCRIPTION\",\"group\":\"\"}', '', '', '', '0', '0000-00-00 00:00:00', '0', '0'), ('800', 'PKG_JOOMLA', 'package', 'pkg_joomla', '', '0', '1', '1', '1', '{\"legacy\":false,\"name\":\"PKG_JOOMLA\",\"type\":\"package\",\"creationDate\":\"2006\",\"author\":\"Joomla! Project\",\"copyright\":\"Copyright (C) 2005 - 2012 Open Source Matters. All rights reserved.\",\"authorEmail\":\"admin@joomla.org\",\"authorUrl\":\"http:\\/\\/www.joomla.org\",\"version\":\"2.5.0\",\"description\":\"PKG_JOOMLA_XML_DESCRIPTION\",\"group\":\"\"}', '', '', '', '0', '0000-00-00 00:00:00', '0', '0'), ('10003', 'fr-FR', 'package', 'pkg_fr-FR', '', '0', '1', '1', '1', 'false', '{}', '', '', '0', '0000-00-00 00:00:00', '0', '0'), ('10004', 'TinyMCE langue FR', 'file', 'TinyMCE_fr-FR', '', '0', '1', '0', '1', 'false', '', '', '', '0', '0000-00-00 00:00:00', '0', '0'), ('10016', 'aqua', 'template', 'aqua', '', '0', '1', '1', '0', '{\"legacy\":true,\"name\":\"aqua\",\"type\":\"template\",\"creationDate\":\"07 May 2011\",\"author\":\"Olivier Antibi\",\"copyright\":\"Copyright (C) 2012 - Les Aquanautes - All rights reserved.\",\"authorEmail\":\"lechenapan@gmail.com\",\"authorUrl\":\"http:\\/\\/www.lesaquanautes.eu\",\"version\":\"1.6.0\",\"description\":\"\\n\\t<h1>Les Aquanautes<\\/h1>\\n\\t<img src=\\\"..\\/templates\\/aqua\\/template_thumbnail.png\\\" align=\\\"left\\\" hspace=\\\"10\\\" style=\\\"padding-right:10px;\\\"\\/>\\n\\t<b>Free Joomla 1.6 Template developed by Chenapan, for the web site <a target=\\\"_blank\\\" href=\\\"http:\\/\\/www.aquanautes.eu\\\">Les Aquanautes<\\/a>.\\n\\t<br \\/><br \\/>Copyright &copy; 2012 - Les Aquanautes - All rights reserved.<\\/b>\\n\\t\",\"group\":\"\"}', '{\"colorVariation\":\"bluedarkblue\",\"hideLogo\":\"0\",\"logoVariation\":\"3\",\"banner\":\"banner.jpg\",\"annimatedBanner\":\"banner.swf\",\"bannerType\":\"1\",\"sitetitle\":\"Les Aquanautes\"}', '', '', '0', '0000-00-00 00:00:00', '0', '0'), ('10009', 'akeeba', 'component', 'com_akeeba', '', '1', '1', '0', '0', '{\"legacy\":false,\"name\":\"Akeeba\",\"type\":\"component\",\"creationDate\":\"2012-10-20\",\"author\":\"Nicholas K. Dionysopoulos\",\"copyright\":\"Copyright (c)2006-2012 Nicholas K. Dionysopoulos\",\"authorEmail\":\"nicholas@dionysopoulos.me\",\"authorUrl\":\"http:\\/\\/www.akeebabackup.com\",\"version\":\"3.6.8\",\"description\":\"Akeeba Backup Core - Full Joomla! site backup solution, Core Edition.\",\"group\":\"\"}', '{\"siteurl\":\"http:\\/\\/localhost:8888\\/restore\\/\",\"jlibrariesdir\":\"\\/Users\\/chenapan\\/Projets\\/www\\/restore\\/libraries\",\"jversion\":\"1.6\",\"lastversion\":\"3.6.8\",\"minstability\":\"stable\",\"liveupdate\":\"lastcheck=1352725020\\nupdatedata=\\\"\\\"{\\\"supported\\\":true,\\\"stuck\\\":false,\\\"version\\\":\\\"3.6.9\\\",\\\"date\\\":\\\"2012-11-10\\\",\\\"stability\\\":\\\"stable\\\",\\\"downloadURL\\\":\\\"http:\\\\\\/\\\\\\/joomlacode.org\\\\\\/gf\\\\\\/download\\\\\\/frsrelease\\\\\\/17773\\\\\\/77375\\\\\\/com_akeeba-3.6.9-core.zip\\\",\\\"infoURL\\\":\\\"https:\\\\\\/\\\\\\/www.akeebabackup.com\\\\\\/downloads\\\\\\/akeeba-backup\\\\\\/akeeba-backup-3-6-9.html\\\",\\\"releasenotes\\\":\\\"<h3>Changelog<\\\\\\/h3><p>+ The users have to accept the license and support policy before using the component<br \\\\\\/>+ You can now exclude the username and password of your database connection from the backup<br \\\\\\/># [MEDIUM] ABI: Passwords with dollar signs will cause the configuration.php to throw parse errors<br \\\\\\/># [LOW] The Akeeba Backup update notification plugin didn\'t work<br \\\\\\/># [LOW] Notice thrown by the System Restore Points feature<br \\\\\\/># [LOW] JClientFtp::getInstance requires an empty array, not null, as its third parameter<\\\\\\/p>\\\"}\\\"\\\"\\nstuck=0\\n\\n[update]\\nstuck=0\\nlastcheck=1352991887\\nupdatedata=\\\"\\\"{\\\\\\\"supported\\\\\\\":true,\\\\\\\"stuck\\\\\\\":false,\\\\\\\"version\\\\\\\":\\\\\\\"3.6.9\\\\\\\",\\\\\\\"date\\\\\\\":\\\\\\\"2012-11-10\\\\\\\",\\\\\\\"stability\\\\\\\":\\\\\\\"stable\\\\\\\",\\\\\\\"downloadURL\\\\\\\":\\\\\\\"http:\\\\\\\\\\\\\\/\\\\\\\\\\\\\\/joomlacode.org\\\\\\\\\\\\\\/gf\\\\\\\\\\\\\\/download\\\\\\\\\\\\\\/frsrelease\\\\\\\\\\\\\\/17773\\\\\\\\\\\\\\/77375\\\\\\\\\\\\\\/com_akeeba-3.6.9-core.zip\\\\\\\",\\\\\\\"infoURL\\\\\\\":\\\\\\\"https:\\\\\\\\\\\\\\/\\\\\\\\\\\\\\/www.akeebabackup.com\\\\\\\\\\\\\\/downloads\\\\\\\\\\\\\\/akeeba-backup\\\\\\\\\\\\\\/akeeba-backup-3-6-9.html\\\\\\\",\\\\\\\"releasenotes\\\\\\\":\\\\\\\"<h3>Changelog<\\\\\\\\\\\\\\/h3><p>+ The users have to accept the license and support policy before using the component<br \\\\\\\\\\\\\\/>+ You can now exclude the username and password of your database connection from the backup<br \\\\\\\\\\\\\\/># [MEDIUM] ABI: Passwords with dollar signs will cause the configuration.php to throw parse errors<br \\\\\\\\\\\\\\/># [LOW] The Akeeba Backup update notification plugin didn\'t work<br \\\\\\\\\\\\\\/># [LOW] Notice thrown by the System Restore Points feature<br \\\\\\\\\\\\\\/># [LOW] JClientFtp::getInstance requires an empty array, not null, as its third parameter<\\\\\\\\\\\\\\/p>\\\\\\\"}\\\"\\\"\",\"displayphpwarning\":0}', '', '', '0', '0000-00-00 00:00:00', '0', '0'), ('10010', 'PLG_JMONITORING_AKEEBABACKUP_TITLE', 'plugin', 'akeebabackup', 'jmonitoring', '0', '1', '1', '0', '{\"legacy\":false,\"name\":\"PLG_JMONITORING_AKEEBABACKUP_TITLE\",\"type\":\"plugin\",\"creationDate\":\"May 2012\",\"author\":\"Nicholas K. Dionysopoulos \\/ AkeebaBackup.com\",\"copyright\":\"\",\"authorEmail\":\"nicholas@dionysopoulos.me\",\"authorUrl\":\"http:\\/\\/www.akeebabackup.com\",\"version\":\"1.0\",\"description\":\"PLG_JMONITORING_AKEEBABACKUP_DESCRIPTION\",\"group\":\"\"}', '{\"maxbackupperiod\":\"24\"}', '', '', '0', '0000-00-00 00:00:00', '0', '0'), ('10015', 'lib_fof', 'library', 'lib_fof', '', '0', '1', '1', '0', '{\"legacy\":false,\"name\":\"lib_fof\",\"type\":\"library\",\"creationDate\":\"2012-10-20\",\"author\":\"Nicholas K. Dionysopoulos \\/ AkeebaBackup.com\",\"copyright\":\"(C)2011-2012 Nicholas K. Dionysopoulos\",\"authorEmail\":\"nicholas@akeebabackup.com\",\"authorUrl\":\"https:\\/\\/www.akeebabackup.com\",\"version\":\"rev2A885DF\",\"description\":\"Framework-on-Framework (FOF) \\u2013 A rapid component development framework extension for Joomla!\",\"group\":\"\"}', '{}', '', '', '0', '0000-00-00 00:00:00', '0', '0'), ('10012', 'AkeebaStrapper', 'file', 'files_strapper', '', '0', '1', '0', '0', '{\"legacy\":false,\"name\":\"AkeebaStrapper\",\"type\":\"file\",\"creationDate\":\"July 2012\",\"author\":\"Nicholas K. Dionysopoulos\",\"copyright\":\"(C) 2012 Akeeba Ltd.\",\"authorEmail\":\"nicholas@dionysopoulos.me\",\"authorUrl\":\"https:\\/\\/www.akeebabackup.com\",\"version\":\"1.0.0\",\"description\":\"Namespaced jQuery, jQuery UI and Bootstrap for Akeeba products.\",\"group\":\"\"}', '', '', '', '0', '0000-00-00 00:00:00', '0', '0'), ('10013', 'coppermine', 'component', 'com_coppermine', '', '1', '1', '0', '0', '{\"legacy\":true,\"name\":\"coppermine\",\"type\":\"component\",\"creationDate\":\"begin of 2008 \",\"author\":\"Guessous Mehdi Imed\",\"copyright\":\"\",\"authorEmail\":\"nope@nope.com\",\"authorUrl\":\"http:\\/\\/www.mehdiplugins.com\",\"version\":\"1.5\",\"description\":\"Bridge Coppermine - Joomla . \\n\\t\\t<br \\/><br \\/> \\n\\t\\tWarning:<br \\/> \\n\\t\\tIt isn\'t a traditional component,<br \\/>\\n\\t\\tsince this one is only used by the bridge,<br \\/>\\n\\t\\tand that you\'ll have to link directly to your gallery\'s folder.\\n\\t\\t<br \\/><br \\/>\\n\\t\\tPlease follow ALL instructions provided at <a href=\\\"http:\\/\\/www.mehdiplugins.com\\/misc\\/index.htm\\\" > my  website <\\/a>.\\n\\t\\t<br \\/>\\n\\t\\tYou can support this work by making a donation there.  \",\"group\":\"\"}', '{}', '', '', '0', '0000-00-00 00:00:00', '0', '0');
DROP TABLE IF EXISTS `aqua_finder_filters`;
CREATE TABLE `aqua_finder_filters` (   `filter_id` int(10) unsigned NOT NULL AUTO_INCREMENT,   `title` varchar(255) NOT NULL,   `alias` varchar(255) NOT NULL,   `state` tinyint(1) NOT NULL DEFAULT '1',   `created` datetime NOT NULL DEFAULT '0000-00-00 00:00:00',   `created_by` int(10) unsigned NOT NULL,   `created_by_alias` varchar(255) NOT NULL,   `modified` datetime NOT NULL DEFAULT '0000-00-00 00:00:00',   `modified_by` int(10) unsigned NOT NULL DEFAULT '0',   `checked_out` int(10) unsigned NOT NULL DEFAULT '0',   `checked_out_time` datetime NOT NULL DEFAULT '0000-00-00 00:00:00',   `map_count` int(10) unsigned NOT NULL DEFAULT '0',   `data` text NOT NULL,   `params` mediumtext,   PRIMARY KEY (`filter_id`) ) ENGINE=MyISAM DEFAULT CHARSET=utf8;
DROP TABLE IF EXISTS `aqua_finder_links`;
CREATE TABLE `aqua_finder_links` (   `link_id` int(10) unsigned NOT NULL AUTO_INCREMENT,   `url` varchar(255) NOT NULL,   `route` varchar(255) NOT NULL,   `title` varchar(255) DEFAULT NULL,   `description` varchar(255) DEFAULT NULL,   `indexdate` datetime NOT NULL DEFAULT '0000-00-00 00:00:00',   `md5sum` varchar(32) DEFAULT NULL,   `published` tinyint(1) NOT NULL DEFAULT '1',   `state` int(5) DEFAULT '1',   `access` int(5) DEFAULT '0',   `language` varchar(8) NOT NULL,   `publish_start_date` datetime NOT NULL DEFAULT '0000-00-00 00:00:00',   `publish_end_date` datetime NOT NULL DEFAULT '0000-00-00 00:00:00',   `start_date` datetime NOT NULL DEFAULT '0000-00-00 00:00:00',   `end_date` datetime NOT NULL DEFAULT '0000-00-00 00:00:00',   `list_price` double unsigned NOT NULL DEFAULT '0',   `sale_price` double unsigned NOT NULL DEFAULT '0',   `type_id` int(11) NOT NULL,   `object` mediumblob NOT NULL,   PRIMARY KEY (`link_id`),   KEY `idx_type` (`type_id`),   KEY `idx_title` (`title`),   KEY `idx_md5` (`md5sum`),   KEY `idx_url` (`url`(75)),   KEY `idx_published_list` (`published`,`state`,`access`,`publish_start_date`,`publish_end_date`,`list_price`),   KEY `idx_published_sale` (`published`,`state`,`access`,`publish_start_date`,`publish_end_date`,`sale_price`) ) ENGINE=MyISAM DEFAULT CHARSET=utf8;
DROP TABLE IF EXISTS `aqua_finder_links_terms0`;
CREATE TABLE `aqua_finder_links_terms0` (   `link_id` int(10) unsigned NOT NULL,   `term_id` int(10) unsigned NOT NULL,   `weight` float unsigned NOT NULL,   PRIMARY KEY (`link_id`,`term_id`),   KEY `idx_term_weight` (`term_id`,`weight`),   KEY `idx_link_term_weight` (`link_id`,`term_id`,`weight`) ) ENGINE=MyISAM DEFAULT CHARSET=utf8;
DROP TABLE IF EXISTS `aqua_finder_links_terms1`;
CREATE TABLE `aqua_finder_links_terms1` (   `link_id` int(10) unsigned NOT NULL,   `term_id` int(10) unsigned NOT NULL,   `weight` float unsigned NOT NULL,   PRIMARY KEY (`link_id`,`term_id`),   KEY `idx_term_weight` (`term_id`,`weight`),   KEY `idx_link_term_weight` (`link_id`,`term_id`,`weight`) ) ENGINE=MyISAM DEFAULT CHARSET=utf8;
DROP TABLE IF EXISTS `aqua_finder_links_terms2`;
CREATE TABLE `aqua_finder_links_terms2` (   `link_id` int(10) unsigned NOT NULL,   `term_id` int(10) unsigned NOT NULL,   `weight` float unsigned NOT NULL,   PRIMARY KEY (`link_id`,`term_id`),   KEY `idx_term_weight` (`term_id`,`weight`),   KEY `idx_link_term_weight` (`link_id`,`term_id`,`weight`) ) ENGINE=MyISAM DEFAULT CHARSET=utf8;
DROP TABLE IF EXISTS `aqua_finder_links_terms3`;
CREATE TABLE `aqua_finder_links_terms3` (   `link_id` int(10) unsigned NOT NULL,   `term_id` int(10) unsigned NOT NULL,   `weight` float unsigned NOT NULL,   PRIMARY KEY (`link_id`,`term_id`),   KEY `idx_term_weight` (`term_id`,`weight`),   KEY `idx_link_term_weight` (`link_id`,`term_id`,`weight`) ) ENGINE=MyISAM DEFAULT CHARSET=utf8;
DROP TABLE IF EXISTS `aqua_finder_links_terms4`;
CREATE TABLE `aqua_finder_links_terms4` (   `link_id` int(10) unsigned NOT NULL,   `term_id` int(10) unsigned NOT NULL,   `weight` float unsigned NOT NULL,   PRIMARY KEY (`link_id`,`term_id`),   KEY `idx_term_weight` (`term_id`,`weight`),   KEY `idx_link_term_weight` (`link_id`,`term_id`,`weight`) ) ENGINE=MyISAM DEFAULT CHARSET=utf8;
DROP TABLE IF EXISTS `aqua_finder_links_terms5`;
CREATE TABLE `aqua_finder_links_terms5` (   `link_id` int(10) unsigned NOT NULL,   `term_id` int(10) unsigned NOT NULL,   `weight` float unsigned NOT NULL,   PRIMARY KEY (`link_id`,`term_id`),   KEY `idx_term_weight` (`term_id`,`weight`),   KEY `idx_link_term_weight` (`link_id`,`term_id`,`weight`) ) ENGINE=MyISAM DEFAULT CHARSET=utf8;
DROP TABLE IF EXISTS `aqua_finder_links_terms6`;
CREATE TABLE `aqua_finder_links_terms6` (   `link_id` int(10) unsigned NOT NULL,   `term_id` int(10) unsigned NOT NULL,   `weight` float unsigned NOT NULL,   PRIMARY KEY (`link_id`,`term_id`),   KEY `idx_term_weight` (`term_id`,`weight`),   KEY `idx_link_term_weight` (`link_id`,`term_id`,`weight`) ) ENGINE=MyISAM DEFAULT CHARSET=utf8;
DROP TABLE IF EXISTS `aqua_finder_links_terms7`;
CREATE TABLE `aqua_finder_links_terms7` (   `link_id` int(10) unsigned NOT NULL,   `term_id` int(10) unsigned NOT NULL,   `weight` float unsigned NOT NULL,   PRIMARY KEY (`link_id`,`term_id`),   KEY `idx_term_weight` (`term_id`,`weight`),   KEY `idx_link_term_weight` (`link_id`,`term_id`,`weight`) ) ENGINE=MyISAM DEFAULT CHARSET=utf8;
DROP TABLE IF EXISTS `aqua_finder_links_terms8`;
CREATE TABLE `aqua_finder_links_terms8` (   `link_id` int(10) unsigned NOT NULL,   `term_id` int(10) unsigned NOT NULL,   `weight` float unsigned NOT NULL,   PRIMARY KEY (`link_id`,`term_id`),   KEY `idx_term_weight` (`term_id`,`weight`),   KEY `idx_link_term_weight` (`link_id`,`term_id`,`weight`) ) ENGINE=MyISAM DEFAULT CHARSET=utf8;
DROP TABLE IF EXISTS `aqua_finder_links_terms9`;
CREATE TABLE `aqua_finder_links_terms9` (   `link_id` int(10) unsigned NOT NULL,   `term_id` int(10) unsigned NOT NULL,   `weight` float unsigned NOT NULL,   PRIMARY KEY (`link_id`,`term_id`),   KEY `idx_term_weight` (`term_id`,`weight`),   KEY `idx_link_term_weight` (`link_id`,`term_id`,`weight`) ) ENGINE=MyISAM DEFAULT CHARSET=utf8;
DROP TABLE IF EXISTS `aqua_finder_links_termsa`;
CREATE TABLE `aqua_finder_links_termsa` (   `link_id` int(10) unsigned NOT NULL,   `term_id` int(10) unsigned NOT NULL,   `weight` float unsigned NOT NULL,   PRIMARY KEY (`link_id`,`term_id`),   KEY `idx_term_weight` (`term_id`,`weight`),   KEY `idx_link_term_weight` (`link_id`,`term_id`,`weight`) ) ENGINE=MyISAM DEFAULT CHARSET=utf8;
DROP TABLE IF EXISTS `aqua_finder_links_termsb`;
CREATE TABLE `aqua_finder_links_termsb` (   `link_id` int(10) unsigned NOT NULL,   `term_id` int(10) unsigned NOT NULL,   `weight` float unsigned NOT NULL,   PRIMARY KEY (`link_id`,`term_id`),   KEY `idx_term_weight` (`term_id`,`weight`),   KEY `idx_link_term_weight` (`link_id`,`term_id`,`weight`) ) ENGINE=MyISAM DEFAULT CHARSET=utf8;
DROP TABLE IF EXISTS `aqua_finder_links_termsc`;
CREATE TABLE `aqua_finder_links_termsc` (   `link_id` int(10) unsigned NOT NULL,   `term_id` int(10) unsigned NOT NULL,   `weight` float unsigned NOT NULL,   PRIMARY KEY (`link_id`,`term_id`),   KEY `idx_term_weight` (`term_id`,`weight`),   KEY `idx_link_term_weight` (`link_id`,`term_id`,`weight`) ) ENGINE=MyISAM DEFAULT CHARSET=utf8;
DROP TABLE IF EXISTS `aqua_finder_links_termsd`;
CREATE TABLE `aqua_finder_links_termsd` (   `link_id` int(10) unsigned NOT NULL,   `term_id` int(10) unsigned NOT NULL,   `weight` float unsigned NOT NULL,   PRIMARY KEY (`link_id`,`term_id`),   KEY `idx_term_weight` (`term_id`,`weight`),   KEY `idx_link_term_weight` (`link_id`,`term_id`,`weight`) ) ENGINE=MyISAM DEFAULT CHARSET=utf8;
DROP TABLE IF EXISTS `aqua_finder_links_termse`;
CREATE TABLE `aqua_finder_links_termse` (   `link_id` int(10) unsigned NOT NULL,   `term_id` int(10) unsigned NOT NULL,   `weight` float unsigned NOT NULL,   PRIMARY KEY (`link_id`,`term_id`),   KEY `idx_term_weight` (`term_id`,`weight`),   KEY `idx_link_term_weight` (`link_id`,`term_id`,`weight`) ) ENGINE=MyISAM DEFAULT CHARSET=utf8;
DROP TABLE IF EXISTS `aqua_finder_links_termsf`;
CREATE TABLE `aqua_finder_links_termsf` (   `link_id` int(10) unsigned NOT NULL,   `term_id` int(10) unsigned NOT NULL,   `weight` float unsigned NOT NULL,   PRIMARY KEY (`link_id`,`term_id`),   KEY `idx_term_weight` (`term_id`,`weight`),   KEY `idx_link_term_weight` (`link_id`,`term_id`,`weight`) ) ENGINE=MyISAM DEFAULT CHARSET=utf8;
DROP TABLE IF EXISTS `aqua_finder_taxonomy`;
CREATE TABLE `aqua_finder_taxonomy` (   `id` int(10) unsigned NOT NULL AUTO_INCREMENT,   `parent_id` int(10) unsigned NOT NULL DEFAULT '0',   `title` varchar(255) NOT NULL,   `state` tinyint(1) unsigned NOT NULL DEFAULT '1',   `access` tinyint(1) unsigned NOT NULL DEFAULT '0',   `ordering` tinyint(1) unsigned NOT NULL DEFAULT '0',   PRIMARY KEY (`id`),   KEY `parent_id` (`parent_id`),   KEY `state` (`state`),   KEY `ordering` (`ordering`),   KEY `access` (`access`),   KEY `idx_parent_published` (`parent_id`,`state`,`access`) ) ENGINE=MyISAM AUTO_INCREMENT=2 DEFAULT CHARSET=utf8;
DROP TABLE IF EXISTS `aqua_finder_taxonomy_map`;
CREATE TABLE `aqua_finder_taxonomy_map` (   `link_id` int(10) unsigned NOT NULL,   `node_id` int(10) unsigned NOT NULL,   PRIMARY KEY (`link_id`,`node_id`),   KEY `link_id` (`link_id`),   KEY `node_id` (`node_id`) ) ENGINE=MyISAM DEFAULT CHARSET=utf8;
DROP TABLE IF EXISTS `aqua_finder_terms`;
CREATE TABLE `aqua_finder_terms` (   `term_id` int(10) unsigned NOT NULL AUTO_INCREMENT,   `term` varchar(75) NOT NULL,   `stem` varchar(75) NOT NULL,   `common` tinyint(1) unsigned NOT NULL DEFAULT '0',   `phrase` tinyint(1) unsigned NOT NULL DEFAULT '0',   `weight` float unsigned NOT NULL DEFAULT '0',   `soundex` varchar(75) NOT NULL,   `links` int(10) NOT NULL DEFAULT '0',   PRIMARY KEY (`term_id`),   UNIQUE KEY `idx_term` (`term`),   KEY `idx_term_phrase` (`term`,`phrase`),   KEY `idx_stem_phrase` (`stem`,`phrase`),   KEY `idx_soundex_phrase` (`soundex`,`phrase`) ) ENGINE=MyISAM DEFAULT CHARSET=utf8;
DROP TABLE IF EXISTS `aqua_finder_terms_common`;
CREATE TABLE `aqua_finder_terms_common` (   `term` varchar(75) NOT NULL,   `language` varchar(3) NOT NULL,   KEY `idx_word_lang` (`term`,`language`),   KEY `idx_lang` (`language`) ) ENGINE=MyISAM DEFAULT CHARSET=utf8;
INSERT INTO `aqua_finder_terms_common` VALUES ('a', 'en'), ('about', 'en'), ('after', 'en'), ('ago', 'en'), ('all', 'en'), ('am', 'en'), ('an', 'en'), ('and', 'en'), ('ani', 'en'), ('any', 'en'), ('are', 'en'), ('aren\'t', 'en'), ('as', 'en'), ('at', 'en'), ('be', 'en'), ('but', 'en'), ('by', 'en'), ('for', 'en'), ('from', 'en'), ('get', 'en'), ('go', 'en'), ('how', 'en'), ('if', 'en'), ('in', 'en'), ('into', 'en'), ('is', 'en'), ('isn\'t', 'en'), ('it', 'en'), ('its', 'en'), ('me', 'en'), ('more', 'en'), ('most', 'en'), ('must', 'en'), ('my', 'en'), ('new', 'en'), ('no', 'en'), ('none', 'en'), ('not', 'en'), ('noth', 'en'), ('nothing', 'en'), ('of', 'en'), ('off', 'en'), ('often', 'en'), ('old', 'en'), ('on', 'en'), ('onc', 'en'), ('once', 'en'), ('onli', 'en'), ('only', 'en'), ('or', 'en'), ('other', 'en'), ('our', 'en'), ('ours', 'en'), ('out', 'en'), ('over', 'en'), ('page', 'en'), ('she', 'en'), ('should', 'en'), ('small', 'en'), ('so', 'en'), ('some', 'en'), ('than', 'en'), ('thank', 'en'), ('that', 'en'), ('the', 'en'), ('their', 'en'), ('theirs', 'en'), ('them', 'en'), ('then', 'en'), ('there', 'en'), ('these', 'en'), ('they', 'en'), ('this', 'en'), ('those', 'en'), ('thus', 'en'), ('time', 'en'), ('times', 'en'), ('to', 'en'), ('too', 'en'), ('true', 'en'), ('under', 'en'), ('until', 'en'), ('up', 'en'), ('upon', 'en'), ('use', 'en'), ('user', 'en'), ('users', 'en'), ('veri', 'en'), ('version', 'en'), ('very', 'en'), ('via', 'en'), ('want', 'en'), ('was', 'en'), ('way', 'en'), ('were', 'en'), ('what', 'en'), ('when', 'en'), ('where', 'en'), ('whi', 'en'), ('which', 'en'), ('who', 'en'), ('whom', 'en'), ('whose', 'en'), ('why', 'en'), ('wide', 'en'), ('will', 'en'), ('with', 'en'), ('within', 'en'), ('without', 'en'), ('would', 'en'), ('yes', 'en'), ('yet', 'en'), ('you', 'en'), ('your', 'en'), ('yours', 'en');
DROP TABLE IF EXISTS `aqua_finder_tokens`;
CREATE TABLE `aqua_finder_tokens` (   `term` varchar(75) NOT NULL,   `stem` varchar(75) NOT NULL,   `common` tinyint(1) unsigned NOT NULL DEFAULT '0',   `phrase` tinyint(1) unsigned NOT NULL DEFAULT '0',   `weight` float unsigned NOT NULL DEFAULT '1',   `context` tinyint(1) unsigned NOT NULL DEFAULT '2',   KEY `idx_word` (`term`),   KEY `idx_context` (`context`) ) ENGINE=MEMORY DEFAULT CHARSET=utf8;
DROP TABLE IF EXISTS `aqua_finder_tokens_aggregate`;
CREATE TABLE `aqua_finder_tokens_aggregate` (   `term_id` int(10) unsigned NOT NULL,   `map_suffix` char(1) NOT NULL,   `term` varchar(75) NOT NULL,   `stem` varchar(75) NOT NULL,   `common` tinyint(1) unsigned NOT NULL DEFAULT '0',   `phrase` tinyint(1) unsigned NOT NULL DEFAULT '0',   `term_weight` float unsigned NOT NULL,   `context` tinyint(1) unsigned NOT NULL DEFAULT '2',   `context_weight` float unsigned NOT NULL,   `total_weight` float unsigned NOT NULL,   KEY `token` (`term`),   KEY `keyword_id` (`term_id`) ) ENGINE=MEMORY DEFAULT CHARSET=utf8;
DROP TABLE IF EXISTS `aqua_finder_types`;
CREATE TABLE `aqua_finder_types` (   `id` int(10) unsigned NOT NULL AUTO_INCREMENT,   `title` varchar(100) NOT NULL,   `mime` varchar(100) NOT NULL,   PRIMARY KEY (`id`),   UNIQUE KEY `title` (`title`) ) ENGINE=MyISAM DEFAULT CHARSET=utf8;
DROP TABLE IF EXISTS `aqua_languages`;
CREATE TABLE `aqua_languages` (   `lang_id` int(11) unsigned NOT NULL AUTO_INCREMENT,   `lang_code` char(7) NOT NULL,   `title` varchar(50) NOT NULL,   `title_native` varchar(50) NOT NULL,   `sef` varchar(50) NOT NULL,   `image` varchar(50) NOT NULL,   `description` varchar(512) NOT NULL,   `metakey` text NOT NULL,   `metadesc` text NOT NULL,   `sitename` varchar(1024) NOT NULL DEFAULT '',   `published` int(11) NOT NULL DEFAULT '0',   `access` int(10) unsigned NOT NULL DEFAULT '0',   `ordering` int(11) NOT NULL DEFAULT '0',   PRIMARY KEY (`lang_id`),   UNIQUE KEY `idx_sef` (`sef`),   UNIQUE KEY `idx_image` (`image`),   UNIQUE KEY `idx_langcode` (`lang_code`),   KEY `idx_access` (`access`),   KEY `idx_ordering` (`ordering`) ) ENGINE=MyISAM AUTO_INCREMENT=3 DEFAULT CHARSET=utf8;
INSERT INTO `aqua_languages` VALUES ('1', 'en-GB', 'English (UK)', 'English (UK)', 'en', 'en', '', '', '', '', '1', '0', '1'), ('2', 'fr-FR', 'Français (FR)', 'Français (FR)', 'fr', 'fr', '', '', '', '', '1', '0', '2');
DROP TABLE IF EXISTS `aqua_menu`;
CREATE TABLE `aqua_menu` (   `id` int(11) NOT NULL AUTO_INCREMENT,   `menutype` varchar(24) NOT NULL COMMENT 'The type of menu this item belongs to. FK to aqua_menu_types.menutype',   `title` varchar(255) NOT NULL COMMENT 'The display title of the menu item.',   `alias` varchar(255) CHARACTER SET utf8 COLLATE utf8_bin NOT NULL COMMENT 'The SEF alias of the menu item.',   `note` varchar(255) NOT NULL DEFAULT '',   `path` varchar(1024) NOT NULL COMMENT 'The computed path of the menu item based on the alias field.',   `link` varchar(1024) NOT NULL COMMENT 'The actually link the menu item refers to.',   `type` varchar(16) NOT NULL COMMENT 'The type of link: Component, URL, Alias, Separator',   `published` tinyint(4) NOT NULL DEFAULT '0' COMMENT 'The published state of the menu link.',   `parent_id` int(10) unsigned NOT NULL DEFAULT '1' COMMENT 'The parent menu item in the menu tree.',   `level` int(10) unsigned NOT NULL DEFAULT '0' COMMENT 'The relative level in the tree.',   `component_id` int(10) unsigned NOT NULL DEFAULT '0' COMMENT 'FK to aqua_extensions.id',   `ordering` int(11) NOT NULL DEFAULT '0' COMMENT 'The relative ordering of the menu item in the tree.',   `checked_out` int(10) unsigned NOT NULL DEFAULT '0' COMMENT 'FK to aqua_users.id',   `checked_out_time` timestamp NOT NULL DEFAULT '0000-00-00 00:00:00' COMMENT 'The time the menu item was checked out.',   `browserNav` tinyint(4) NOT NULL DEFAULT '0' COMMENT 'The click behaviour of the link.',   `access` int(10) unsigned NOT NULL DEFAULT '0' COMMENT 'The access level required to view the menu item.',   `img` varchar(255) NOT NULL COMMENT 'The image of the menu item.',   `template_style_id` int(10) unsigned NOT NULL DEFAULT '0',   `params` text NOT NULL COMMENT 'JSON encoded data for the menu item.',   `lft` int(11) NOT NULL DEFAULT '0' COMMENT 'Nested set lft.',   `rgt` int(11) NOT NULL DEFAULT '0' COMMENT 'Nested set rgt.',   `home` tinyint(3) unsigned NOT NULL DEFAULT '0' COMMENT 'Indicates if this menu item is the home or default page.',   `language` char(7) NOT NULL DEFAULT '',   `client_id` tinyint(4) NOT NULL DEFAULT '0',   PRIMARY KEY (`id`),   UNIQUE KEY `idx_client_id_parent_id_alias_language` (`client_id`,`parent_id`,`alias`,`language`),   KEY `idx_componentid` (`component_id`,`menutype`,`published`,`access`),   KEY `idx_menutype` (`menutype`),   KEY `idx_left_right` (`lft`,`rgt`),   KEY `idx_alias` (`alias`),   KEY `idx_path` (`path`(255)),   KEY `idx_language` (`language`) ) ENGINE=MyISAM AUTO_INCREMENT=118 DEFAULT CHARSET=utf8;
INSERT INTO `aqua_menu` VALUES ('1', '', 'Menu_Item_Root', 'root', '', '', '', '', '1', '0', '0', '0', '0', '0', '0000-00-00 00:00:00', '0', '0', '', '0', '', '0', '75', '0', '*', '0'), ('2', 'menu', 'com_banners', 'Banners', '', 'Banners', 'index.php?option=com_banners', 'component', '0', '1', '1', '4', '0', '0', '0000-00-00 00:00:00', '0', '0', 'class:banners', '0', '', '3', '12', '0', '*', '1'), ('3', 'menu', 'com_banners', 'Banners', '', 'Banners/Banners', 'index.php?option=com_banners', 'component', '0', '2', '2', '4', '0', '0', '0000-00-00 00:00:00', '0', '0', 'class:banners', '0', '', '4', '5', '0', '*', '1'), ('4', 'menu', 'com_banners_categories', 'Categories', '', 'Banners/Categories', 'index.php?option=com_categories&extension=com_banners', 'component', '0', '2', '2', '6', '0', '0', '0000-00-00 00:00:00', '0', '0', 'class:banners-cat', '0', '', '6', '7', '0', '*', '1'), ('5', 'menu', 'com_banners_clients', 'Clients', '', 'Banners/Clients', 'index.php?option=com_banners&view=clients', 'component', '0', '2', '2', '4', '0', '0', '0000-00-00 00:00:00', '0', '0', 'class:banners-clients', '0', '', '8', '9', '0', '*', '1'), ('6', 'menu', 'com_banners_tracks', 'Tracks', '', 'Banners/Tracks', 'index.php?option=com_banners&view=tracks', 'component', '0', '2', '2', '4', '0', '0', '0000-00-00 00:00:00', '0', '0', 'class:banners-tracks', '0', '', '10', '11', '0', '*', '1'), ('7', 'menu', 'com_contact', 'Contacts', '', 'Contacts', 'index.php?option=com_contact', 'component', '0', '1', '1', '8', '0', '0', '0000-00-00 00:00:00', '0', '0', 'class:contact', '0', '', '13', '18', '0', '*', '1'), ('8', 'menu', 'com_contact', 'Contacts', '', 'Contacts/Contacts', 'index.php?option=com_contact', 'component', '0', '7', '2', '8', '0', '0', '0000-00-00 00:00:00', '0', '0', 'class:contact', '0', '', '14', '15', '0', '*', '1'), ('9', 'menu', 'com_contact_categories', 'Categories', '', 'Contacts/Categories', 'index.php?option=com_categories&extension=com_contact', 'component', '0', '7', '2', '6', '0', '0', '0000-00-00 00:00:00', '0', '0', 'class:contact-cat', '0', '', '16', '17', '0', '*', '1'), ('10', 'menu', 'com_messages', 'Messaging', '', 'Messaging', 'index.php?option=com_messages', 'component', '0', '1', '1', '15', '0', '0', '0000-00-00 00:00:00', '0', '0', 'class:messages', '0', '', '19', '24', '0', '*', '1'), ('11', 'menu', 'com_messages_add', 'New Private Message', '', 'Messaging/New Private Message', 'index.php?option=com_messages&task=message.add', 'component', '0', '10', '2', '15', '0', '0', '0000-00-00 00:00:00', '0', '0', 'class:messages-add', '0', '', '20', '21', '0', '*', '1'), ('12', 'menu', 'com_messages_read', 'Read Private Message', '', 'Messaging/Read Private Message', 'index.php?option=com_messages', 'component', '0', '10', '2', '15', '0', '0', '0000-00-00 00:00:00', '0', '0', 'class:messages-read', '0', '', '22', '23', '0', '*', '1'), ('13', 'menu', 'com_newsfeeds', 'News Feeds', '', 'News Feeds', 'index.php?option=com_newsfeeds', 'component', '0', '1', '1', '17', '0', '0', '0000-00-00 00:00:00', '0', '0', 'class:newsfeeds', '0', '', '25', '30', '0', '*', '1'), ('14', 'menu', 'com_newsfeeds_feeds', 'Feeds', '', 'News Feeds/Feeds', 'index.php?option=com_newsfeeds', 'component', '0', '13', '2', '17', '0', '0', '0000-00-00 00:00:00', '0', '0', 'class:newsfeeds', '0', '', '26', '27', '0', '*', '1'), ('15', 'menu', 'com_newsfeeds_categories', 'Categories', '', 'News Feeds/Categories', 'index.php?option=com_categories&extension=com_newsfeeds', 'component', '0', '13', '2', '6', '0', '0', '0000-00-00 00:00:00', '0', '0', 'class:newsfeeds-cat', '0', '', '28', '29', '0', '*', '1'), ('16', 'menu', 'com_redirect', 'Redirect', '', 'Redirect', 'index.php?option=com_redirect', 'component', '0', '1', '1', '24', '0', '0', '0000-00-00 00:00:00', '0', '0', 'class:redirect', '0', '', '45', '46', '0', '*', '1'), ('17', 'menu', 'com_search', 'Basic Search', '', 'Basic Search', 'index.php?option=com_search', 'component', '0', '1', '1', '19', '0', '0', '0000-00-00 00:00:00', '0', '0', 'class:search', '0', '', '37', '38', '0', '*', '1'), ('18', 'menu', 'com_weblinks', 'Weblinks', '', 'Weblinks', 'index.php?option=com_weblinks', 'component', '0', '1', '1', '21', '0', '0', '0000-00-00 00:00:00', '0', '0', 'class:weblinks', '0', '', '39', '44', '0', '*', '1'), ('19', 'menu', 'com_weblinks_links', 'Links', '', 'Weblinks/Links', 'index.php?option=com_weblinks', 'component', '0', '18', '2', '21', '0', '0', '0000-00-00 00:00:00', '0', '0', 'class:weblinks', '0', '', '40', '41', '0', '*', '1'), ('20', 'menu', 'com_weblinks_categories', 'Categories', '', 'Weblinks/Categories', 'index.php?option=com_categories&extension=com_weblinks', 'component', '0', '18', '2', '6', '0', '0', '0000-00-00 00:00:00', '0', '0', 'class:weblinks-cat', '0', '', '42', '43', '0', '*', '1'), ('21', 'menu', 'com_finder', 'Smart Search', '', 'Smart Search', 'index.php?option=com_finder', 'component', '0', '1', '1', '27', '0', '0', '0000-00-00 00:00:00', '0', '0', 'class:finder', '0', '', '35', '36', '0', '*', '1'), ('22', 'menu', 'com_joomlaupdate', 'Joomla! Update', '', 'Joomla! Update', 'index.php?option=com_joomlaupdate', 'component', '0', '1', '1', '28', '0', '0', '0000-00-00 00:00:00', '0', '0', 'class:joomlaupdate', '0', '', '45', '46', '0', '*', '1'), ('101', 'mainmenu', 'Accueil', 'accueil', '', 'accueil', 'index.php?option=com_content&view=article&id=1', 'component', '1', '1', '1', '22', '0', '0', '0000-00-00 00:00:00', '0', '1', '', '0', '{\"show_title\":\"0\",\"link_titles\":\"\",\"show_intro\":\"\",\"show_category\":\"0\",\"link_category\":\"\",\"show_parent_category\":\"0\",\"link_parent_category\":\"\",\"show_author\":\"0\",\"link_author\":\"0\",\"show_create_date\":\"0\",\"show_modify_date\":\"0\",\"show_publish_date\":\"0\",\"show_item_navigation\":\"0\",\"show_vote\":\"0\",\"show_icons\":\"\",\"show_print_icon\":\"0\",\"show_email_icon\":\"0\",\"show_hits\":\"0\",\"show_noauth\":\"\",\"urls_position\":\"\",\"menu-anchor_title\":\"\",\"menu-anchor_css\":\"\",\"menu_image\":\"\",\"menu_text\":1,\"page_title\":\"\",\"show_page_heading\":1,\"page_heading\":\"\",\"pageclass_sfx\":\"\",\"menu-meta_description\":\"\",\"menu-meta_keywords\":\"\",\"robots\":\"\",\"secure\":0}', '31', '32', '0', '*', '0'), ('117', 'association', 'Partenaires', 'partenaires', '', 'partenaires', 'index.php?option=com_content&view=category&layout=blog&id=20', 'component', '1', '1', '1', '22', '0', '0', '0000-00-00 00:00:00', '0', '1', '', '0', '{\"layout_type\":\"blog\",\"show_category_title\":\"\",\"show_description\":\"1\",\"show_description_image\":\"0\",\"maxLevel\":\"\",\"show_empty_categories\":\"\",\"show_no_articles\":\"\",\"show_subcat_desc\":\"\",\"show_cat_num_articles\":\"\",\"page_subheading\":\"\",\"num_leading_articles\":\"0\",\"num_intro_articles\":\"13\",\"num_columns\":\"2\",\"num_links\":\"4\",\"multi_column_order\":\"1\",\"show_subcategory_content\":\"\",\"orderby_pri\":\"\",\"orderby_sec\":\"alpha\",\"order_date\":\"\",\"show_pagination\":\"0\",\"show_pagination_results\":\"0\",\"show_title\":\"\",\"link_titles\":\"\",\"show_intro\":\"\",\"show_category\":\"0\",\"link_category\":\"\",\"show_parent_category\":\"0\",\"link_parent_category\":\"\",\"show_author\":\"0\",\"link_author\":\"use_article\",\"show_create_date\":\"0\",\"show_modify_date\":\"0\",\"show_publish_date\":\"0\",\"show_item_navigation\":\"0\",\"show_vote\":\"0\",\"show_readmore\":\"\",\"show_readmore_title\":\"0\",\"show_icons\":\"\",\"show_print_icon\":\"0\",\"show_email_icon\":\"0\",\"show_hits\":\"0\",\"show_noauth\":\"\",\"show_feed_link\":\"\",\"feed_summary\":\"\",\"menu-anchor_title\":\"\",\"menu-anchor_css\":\"\",\"menu_image\":\"\",\"menu_text\":1,\"page_title\":\"\",\"show_page_heading\":0,\"page_heading\":\"\",\"pageclass_sfx\":\"\",\"menu-meta_description\":\"\",\"menu-meta_keywords\":\"\",\"robots\":\"\",\"secure\":0}', '59', '60', '0', '*', '0'), ('116', 'main', 'COM_AKEEBA', 'com-akeeba', '', 'com-akeeba', 'index.php?option=com_akeeba', 'component', '0', '1', '1', '10009', '0', '0', '0000-00-00 00:00:00', '0', '1', '../media/com_akeeba/icons/akeeba-16.png', '0', '', '73', '74', '0', '', '1'), ('103', 'main', 'Coppermine', 'coppermine', '', 'coppermine', 'index.php?option=com_coppermine', 'component', '0', '1', '1', '10013', '0', '0', '0000-00-00 00:00:00', '0', '1', 'class:component', '0', '', '49', '50', '0', '', '1'), ('104', 'mainmenu', '\"Diaporamar\"', '2012-09-13-22-38-22', 'Les photos des aquanotes', '2012-09-13-22-38-22', './diaporamar', 'url', '1', '1', '1', '0', '0', '0', '0000-00-00 00:00:00', '0', '1', '', '0', '{\"menu-anchor_title\":\"\",\"menu-anchor_css\":\"\",\"menu_image\":\"\",\"menu_text\":1}', '51', '52', '0', '*', '0'), ('105', 'mainmenu', 'Membres', 'contactez-nous', '', 'contactez-nous', 'index.php?option=com_contact&view=category&id=10', 'component', '-2', '1', '1', '8', '0', '0', '0000-00-00 00:00:00', '0', '1', '', '0', '{\"show_category_title\":\"\",\"show_description\":\"\",\"show_description_image\":\"\",\"maxLevel\":\"\",\"show_empty_categories\":\"\",\"show_subcat_desc\":\"\",\"show_cat_items\":\"\",\"show_pagination_limit\":\"\",\"show_headings\":\"\",\"show_position_headings\":\"\",\"show_email_headings\":\"\",\"show_telephone_headings\":\"\",\"show_mobile_headings\":\"\",\"show_fax_headings\":\"\",\"show_suburb_headings\":\"\",\"show_state_headings\":\"\",\"show_country_headings\":\"\",\"show_pagination\":\"\",\"show_pagination_results\":\"\",\"initial_sort\":\"\",\"presentation_style\":\"\",\"show_contact_category\":\"\",\"show_contact_list\":\"\",\"show_name\":\"\",\"show_position\":\"\",\"show_email\":\"\",\"show_street_address\":\"\",\"show_suburb\":\"\",\"show_state\":\"\",\"show_postcode\":\"\",\"show_country\":\"\",\"show_telephone\":\"\",\"show_mobile\":\"\",\"show_fax\":\"\",\"show_webpage\":\"\",\"show_misc\":\"\",\"show_image\":\"\",\"allow_vcard\":\"\",\"show_articles\":\"\",\"show_links\":\"\",\"linka_name\":\"\",\"linkb_name\":\"\",\"linkc_name\":\"\",\"linkd_name\":\"\",\"linke_name\":\"\",\"show_email_form\":\"\",\"show_email_copy\":\"\",\"banned_email\":\"\",\"banned_subject\":\"\",\"banned_text\":\"\",\"validate_session\":\"\",\"custom_reply\":\"\",\"redirect\":\"\",\"show_feed_link\":\"\",\"menu-anchor_title\":\"\",\"menu-anchor_css\":\"\",\"menu_image\":\"\",\"menu_text\":1,\"page_title\":\"\",\"show_page_heading\":0,\"page_heading\":\"\",\"pageclass_sfx\":\"\",\"menu-meta_description\":\"\",\"menu-meta_keywords\":\"\",\"robots\":\"\",\"secure\":0}', '53', '54', '0', '*', '0'), ('106', 'mainmenu', 'Contactez-nous', 'contacts', '', 'contacts', 'index.php?option=com_contact&view=category&id=10', 'component', '1', '1', '1', '8', '0', '0', '0000-00-00 00:00:00', '0', '1', '', '0', '{\"show_category_title\":\"\",\"show_description\":\"\",\"show_description_image\":\"\",\"maxLevel\":\"\",\"show_empty_categories\":\"\",\"show_subcat_desc\":\"\",\"show_cat_items\":\"\",\"show_pagination_limit\":\"\",\"show_headings\":\"0\",\"show_position_headings\":\"\",\"show_email_headings\":\"\",\"show_telephone_headings\":\"\",\"show_mobile_headings\":\"\",\"show_fax_headings\":\"\",\"show_suburb_headings\":\"\",\"show_state_headings\":\"\",\"show_country_headings\":\"\",\"show_pagination\":\"\",\"show_pagination_results\":\"\",\"initial_sort\":\"\",\"presentation_style\":\"\",\"show_contact_category\":\"\",\"show_contact_list\":\"\",\"show_name\":\"\",\"show_position\":\"\",\"show_email\":\"\",\"show_street_address\":\"\",\"show_suburb\":\"\",\"show_state\":\"\",\"show_postcode\":\"\",\"show_country\":\"\",\"show_telephone\":\"\",\"show_mobile\":\"\",\"show_fax\":\"\",\"show_webpage\":\"\",\"show_misc\":\"\",\"show_image\":\"\",\"allow_vcard\":\"\",\"show_articles\":\"\",\"show_links\":\"\",\"linka_name\":\"\",\"linkb_name\":\"\",\"linkc_name\":\"\",\"linkd_name\":\"\",\"linke_name\":\"\",\"show_email_form\":\"\",\"show_email_copy\":\"\",\"banned_email\":\"\",\"banned_subject\":\"\",\"banned_text\":\"\",\"validate_session\":\"\",\"custom_reply\":\"\",\"redirect\":\"\",\"show_feed_link\":\"\",\"menu-anchor_title\":\"\",\"menu-anchor_css\":\"\",\"menu_image\":\"\",\"menu_text\":1,\"page_title\":\"\",\"show_page_heading\":0,\"page_heading\":\"\",\"pageclass_sfx\":\"\",\"menu-meta_description\":\"\",\"menu-meta_keywords\":\"\",\"robots\":\"\",\"secure\":0}', '71', '72', '0', '*', '0'), ('107', 'association', 'Membres Fondateurs', 'membres', '', 'membres', 'index.php?option=com_content&view=category&layout=blog&id=11', 'component', '1', '1', '1', '22', '0', '0', '0000-00-00 00:00:00', '0', '1', '', '0', '{\"layout_type\":\"blog\",\"show_category_title\":\"\",\"show_description\":\"1\",\"show_description_image\":\"0\",\"maxLevel\":\"\",\"show_empty_categories\":\"\",\"show_no_articles\":\"\",\"show_subcat_desc\":\"\",\"show_cat_num_articles\":\"\",\"page_subheading\":\"\",\"num_leading_articles\":\"0\",\"num_intro_articles\":\"13\",\"num_columns\":\"2\",\"num_links\":\"4\",\"multi_column_order\":\"1\",\"show_subcategory_content\":\"\",\"orderby_pri\":\"\",\"orderby_sec\":\"alpha\",\"order_date\":\"\",\"show_pagination\":\"0\",\"show_pagination_results\":\"0\",\"show_title\":\"\",\"link_titles\":\"\",\"show_intro\":\"\",\"show_category\":\"0\",\"link_category\":\"\",\"show_parent_category\":\"0\",\"link_parent_category\":\"\",\"show_author\":\"0\",\"link_author\":\"use_article\",\"show_create_date\":\"0\",\"show_modify_date\":\"0\",\"show_publish_date\":\"0\",\"show_item_navigation\":\"0\",\"show_vote\":\"0\",\"show_readmore\":\"\",\"show_readmore_title\":\"0\",\"show_icons\":\"\",\"show_print_icon\":\"0\",\"show_email_icon\":\"0\",\"show_hits\":\"0\",\"show_noauth\":\"\",\"show_feed_link\":\"\",\"feed_summary\":\"\",\"menu-anchor_title\":\"\",\"menu-anchor_css\":\"\",\"menu_image\":\"\",\"menu_text\":1,\"page_title\":\"\",\"show_page_heading\":0,\"page_heading\":\"\",\"pageclass_sfx\":\"\",\"menu-meta_description\":\"\",\"menu-meta_keywords\":\"\",\"robots\":\"\",\"secure\":0}', '57', '58', '0', '*', '0'), ('108', 'association', 'Membres (2)', 'membres-2', '', 'membres-2', 'index.php?option=com_content&view=category&layout=blog&id=11', 'component', '-2', '1', '1', '22', '0', '0', '0000-00-00 00:00:00', '0', '1', '', '0', '{\"layout_type\":\"blog\",\"show_category_title\":\"\",\"show_description\":\"1\",\"show_description_image\":\"0\",\"maxLevel\":\"\",\"show_empty_categories\":\"\",\"show_no_articles\":\"\",\"show_subcat_desc\":\"\",\"show_cat_num_articles\":\"\",\"page_subheading\":\"\",\"num_leading_articles\":\"0\",\"num_intro_articles\":\"6\",\"num_columns\":\"3\",\"num_links\":\"4\",\"multi_column_order\":\"1\",\"show_subcategory_content\":\"\",\"orderby_pri\":\"\",\"orderby_sec\":\"\",\"order_date\":\"\",\"show_pagination\":\"2\",\"show_pagination_results\":\"\",\"show_title\":\"\",\"link_titles\":\"\",\"show_intro\":\"\",\"show_category\":\"0\",\"link_category\":\"\",\"show_parent_category\":\"0\",\"link_parent_category\":\"\",\"show_author\":\"0\",\"link_author\":\"use_article\",\"show_create_date\":\"0\",\"show_modify_date\":\"0\",\"show_publish_date\":\"0\",\"show_item_navigation\":\"0\",\"show_vote\":\"0\",\"show_readmore\":\"\",\"show_readmore_title\":\"0\",\"show_icons\":\"\",\"show_print_icon\":\"0\",\"show_email_icon\":\"0\",\"show_hits\":\"0\",\"show_noauth\":\"\",\"show_feed_link\":\"\",\"feed_summary\":\"\",\"menu-anchor_title\":\"\",\"menu-anchor_css\":\"\",\"menu_image\":\"\",\"menu_text\":1,\"page_title\":\"\",\"show_page_heading\":0,\"page_heading\":\"\",\"pageclass_sfx\":\"\",\"menu-meta_description\":\"\",\"menu-meta_keywords\":\"\",\"robots\":\"\",\"secure\":0}', '61', '62', '0', '*', '0'), ('109', 'association', 'Membres du Bureau', 'membresbureau', '', 'membresbureau', 'index.php?option=com_content&view=category&layout=blog&id=12', 'component', '1', '1', '1', '22', '0', '43', '2012-10-08 09:45:38', '0', '1', '', '0', '{\"layout_type\":\"blog\",\"show_category_title\":\"\",\"show_description\":\"1\",\"show_description_image\":\"0\",\"maxLevel\":\"\",\"show_empty_categories\":\"\",\"show_no_articles\":\"\",\"show_subcat_desc\":\"\",\"show_cat_num_articles\":\"\",\"page_subheading\":\"\",\"num_leading_articles\":\"0\",\"num_intro_articles\":\"13\",\"num_columns\":\"2\",\"num_links\":\"4\",\"multi_column_order\":\"1\",\"show_subcategory_content\":\"\",\"orderby_pri\":\"\",\"orderby_sec\":\"alpha\",\"order_date\":\"\",\"show_pagination\":\"0\",\"show_pagination_results\":\"0\",\"show_title\":\"\",\"link_titles\":\"\",\"show_intro\":\"\",\"show_category\":\"0\",\"link_category\":\"\",\"show_parent_category\":\"0\",\"link_parent_category\":\"\",\"show_author\":\"0\",\"link_author\":\"use_article\",\"show_create_date\":\"0\",\"show_modify_date\":\"0\",\"show_publish_date\":\"0\",\"show_item_navigation\":\"0\",\"show_vote\":\"0\",\"show_readmore\":\"\",\"show_readmore_title\":\"0\",\"show_icons\":\"\",\"show_print_icon\":\"0\",\"show_email_icon\":\"0\",\"show_hits\":\"0\",\"show_noauth\":\"\",\"show_feed_link\":\"\",\"feed_summary\":\"\",\"menu-anchor_title\":\"\",\"menu-anchor_css\":\"\",\"menu_image\":\"\",\"menu_text\":1,\"page_title\":\"\",\"show_page_heading\":0,\"page_heading\":\"\",\"pageclass_sfx\":\"\",\"menu-meta_description\":\"\",\"menu-meta_keywords\":\"\",\"robots\":\"\",\"secure\":0}', '55', '56', '0', '*', '0'), ('110', 'comites', 'Comité Scientifique', 'comitescientifique', '', 'comitescientifique', 'index.php?option=com_content&view=category&layout=blog&id=14', 'component', '1', '1', '1', '22', '0', '0', '0000-00-00 00:00:00', '0', '1', '', '0', '{\"layout_type\":\"blog\",\"show_category_title\":\"\",\"show_description\":\"\",\"show_description_image\":\"\",\"maxLevel\":\"\",\"show_empty_categories\":\"\",\"show_no_articles\":\"\",\"show_subcat_desc\":\"\",\"show_cat_num_articles\":\"\",\"page_subheading\":\"\",\"num_leading_articles\":\"\",\"num_intro_articles\":\"\",\"num_columns\":\"\",\"num_links\":\"\",\"multi_column_order\":\"\",\"show_subcategory_content\":\"\",\"orderby_pri\":\"\",\"orderby_sec\":\"\",\"order_date\":\"\",\"show_pagination\":\"\",\"show_pagination_results\":\"\",\"show_title\":\"\",\"link_titles\":\"\",\"show_intro\":\"\",\"show_category\":\"0\",\"link_category\":\"\",\"show_parent_category\":\"\",\"link_parent_category\":\"\",\"show_author\":\"0\",\"link_author\":\"\",\"show_create_date\":\"0\",\"show_modify_date\":\"0\",\"show_publish_date\":\"0\",\"show_item_navigation\":\"0\",\"show_vote\":\"0\",\"show_readmore\":\"\",\"show_readmore_title\":\"\",\"show_icons\":\"0\",\"show_print_icon\":\"0\",\"show_email_icon\":\"0\",\"show_hits\":\"0\",\"show_noauth\":\"\",\"show_feed_link\":\"\",\"feed_summary\":\"\",\"menu-anchor_title\":\"\",\"menu-anchor_css\":\"\",\"menu_image\":\"\",\"menu_text\":1,\"page_title\":\"\",\"show_page_heading\":0,\"page_heading\":\"\",\"pageclass_sfx\":\"\",\"menu-meta_description\":\"\",\"menu-meta_keywords\":\"\",\"robots\":\"\",\"secure\":0}', '63', '64', '0', '*', '0'), ('111', 'comites', 'Comité Photographique', 'comitephotographique', '', 'comitephotographique', 'index.php?option=com_content&view=category&layout=blog&id=15', 'component', '1', '1', '1', '22', '0', '0', '0000-00-00 00:00:00', '0', '1', '', '0', '{\"layout_type\":\"blog\",\"show_category_title\":\"\",\"show_description\":\"\",\"show_description_image\":\"\",\"maxLevel\":\"\",\"show_empty_categories\":\"\",\"show_no_articles\":\"\",\"show_subcat_desc\":\"\",\"show_cat_num_articles\":\"\",\"page_subheading\":\"\",\"num_leading_articles\":\"\",\"num_intro_articles\":\"\",\"num_columns\":\"\",\"num_links\":\"\",\"multi_column_order\":\"\",\"show_subcategory_content\":\"\",\"orderby_pri\":\"\",\"orderby_sec\":\"\",\"order_date\":\"\",\"show_pagination\":\"\",\"show_pagination_results\":\"\",\"show_title\":\"\",\"link_titles\":\"\",\"show_intro\":\"\",\"show_category\":\"0\",\"link_category\":\"\",\"show_parent_category\":\"\",\"link_parent_category\":\"\",\"show_author\":\"0\",\"link_author\":\"\",\"show_create_date\":\"0\",\"show_modify_date\":\"0\",\"show_publish_date\":\"0\",\"show_item_navigation\":\"\",\"show_vote\":\"\",\"show_readmore\":\"\",\"show_readmore_title\":\"\",\"show_icons\":\"0\",\"show_print_icon\":\"0\",\"show_email_icon\":\"0\",\"show_hits\":\"0\",\"show_noauth\":\"\",\"show_feed_link\":\"\",\"feed_summary\":\"\",\"menu-anchor_title\":\"\",\"menu-anchor_css\":\"\",\"menu_image\":\"\",\"menu_text\":1,\"page_title\":\"\",\"show_page_heading\":0,\"page_heading\":\"\",\"pageclass_sfx\":\"\",\"menu-meta_description\":\"\",\"menu-meta_keywords\":\"\",\"robots\":\"\",\"secure\":0}', '65', '66', '0', '*', '0'), ('112', 'association', 'Présentation', 'presentation', '', 'presentation', 'index.php?option=com_content&view=article&id=15', 'component', '1', '1', '1', '22', '0', '43', '2012-10-08 16:11:57', '0', '1', '', '0', '{\"show_title\":\"0\",\"link_titles\":\"0\",\"show_intro\":\"0\",\"show_category\":\"0\",\"link_category\":\"0\",\"show_parent_category\":\"0\",\"link_parent_category\":\"0\",\"show_author\":\"0\",\"link_author\":\"0\",\"show_create_date\":\"0\",\"show_modify_date\":\"0\",\"show_publish_date\":\"0\",\"show_item_navigation\":\"0\",\"show_vote\":\"0\",\"show_icons\":\"0\",\"show_print_icon\":\"0\",\"show_email_icon\":\"0\",\"show_hits\":\"0\",\"show_noauth\":\"0\",\"urls_position\":\"\",\"menu-anchor_title\":\"\",\"menu-anchor_css\":\"\",\"menu_image\":\"\",\"menu_text\":1,\"page_title\":\"\",\"show_page_heading\":0,\"page_heading\":\"\",\"pageclass_sfx\":\"\",\"menu-meta_description\":\"\",\"menu-meta_keywords\":\"\",\"robots\":\"\",\"secure\":0}', '1', '2', '0', '*', '0'), ('113', 'mainmenu', 'Actions', 'actions', '', 'actions', 'index.php?option=com_content&view=category&layout=blog&id=18', 'component', '1', '1', '1', '22', '0', '0', '0000-00-00 00:00:00', '0', '1', '', '0', '{\"layout_type\":\"blog\",\"show_category_title\":\"\",\"show_description\":\"\",\"show_description_image\":\"\",\"maxLevel\":\"\",\"show_empty_categories\":\"\",\"show_no_articles\":\"\",\"show_subcat_desc\":\"\",\"show_cat_num_articles\":\"\",\"page_subheading\":\"\",\"num_leading_articles\":\"0\",\"num_intro_articles\":\"\",\"num_columns\":\"\",\"num_links\":\"\",\"multi_column_order\":\"\",\"show_subcategory_content\":\"\",\"orderby_pri\":\"\",\"orderby_sec\":\"\",\"order_date\":\"\",\"show_pagination\":\"\",\"show_pagination_results\":\"\",\"show_title\":\"\",\"link_titles\":\"\",\"show_intro\":\"\",\"show_category\":\"\",\"link_category\":\"\",\"show_parent_category\":\"\",\"link_parent_category\":\"\",\"show_author\":\"\",\"link_author\":\"\",\"show_create_date\":\"\",\"show_modify_date\":\"\",\"show_publish_date\":\"\",\"show_item_navigation\":\"\",\"show_vote\":\"\",\"show_readmore\":\"\",\"show_readmore_title\":\"\",\"show_icons\":\"\",\"show_print_icon\":\"\",\"show_email_icon\":\"\",\"show_hits\":\"\",\"show_noauth\":\"\",\"show_feed_link\":\"\",\"feed_summary\":\"\",\"menu-anchor_title\":\"\",\"menu-anchor_css\":\"\",\"menu_image\":\"\",\"menu_text\":1,\"page_title\":\"\",\"show_page_heading\":0,\"page_heading\":\"\",\"pageclass_sfx\":\"\",\"menu-meta_description\":\"\",\"menu-meta_keywords\":\"\",\"robots\":\"\",\"secure\":0}', '67', '68', '0', '*', '0'), ('114', 'mainmenu', 'Réalisations', 'realisation', '', 'realisation', 'index.php?option=com_content&view=category&id=19', 'component', '1', '1', '1', '22', '0', '0', '0000-00-00 00:00:00', '0', '1', '', '0', '{\"show_category_title\":\"\",\"show_description\":\"\",\"show_description_image\":\"\",\"maxLevel\":\"\",\"show_empty_categories\":\"\",\"show_no_articles\":\"\",\"show_subcat_desc\":\"\",\"show_cat_num_articles\":\"\",\"page_subheading\":\"\",\"show_pagination_limit\":\"\",\"filter_field\":\"\",\"show_headings\":\"\",\"list_show_date\":\"\",\"date_format\":\"\",\"list_show_hits\":\"\",\"list_show_author\":\"\",\"orderby_pri\":\"\",\"orderby_sec\":\"\",\"order_date\":\"\",\"show_pagination\":\"\",\"show_pagination_results\":\"\",\"display_num\":\"10\",\"show_title\":\"\",\"link_titles\":\"\",\"show_intro\":\"\",\"show_category\":\"\",\"link_category\":\"\",\"show_parent_category\":\"\",\"link_parent_category\":\"\",\"show_author\":\"\",\"link_author\":\"\",\"show_create_date\":\"\",\"show_modify_date\":\"\",\"show_publish_date\":\"\",\"show_item_navigation\":\"\",\"show_vote\":\"\",\"show_readmore\":\"\",\"show_readmore_title\":\"\",\"show_icons\":\"\",\"show_print_icon\":\"\",\"show_email_icon\":\"\",\"show_hits\":\"\",\"show_noauth\":\"\",\"show_feed_link\":\"\",\"feed_summary\":\"\",\"menu-anchor_title\":\"\",\"menu-anchor_css\":\"\",\"menu_image\":\"\",\"menu_text\":1,\"page_title\":\"\",\"show_page_heading\":0,\"page_heading\":\"\",\"pageclass_sfx\":\"\",\"menu-meta_description\":\"\",\"menu-meta_keywords\":\"\",\"robots\":\"\",\"secure\":0}', '69', '70', '0', '*', '0'), ('115', 'mainmenu', 'Nouvelles', 'news', '', 'news', 'index.php?option=com_content&view=category&layout=blog&id=17', 'component', '1', '1', '1', '22', '0', '0', '0000-00-00 00:00:00', '0', '1', '', '0', '{\"layout_type\":\"blog\",\"show_category_title\":\"\",\"show_description\":\"\",\"show_description_image\":\"\",\"maxLevel\":\"\",\"show_empty_categories\":\"\",\"show_no_articles\":\"\",\"show_subcat_desc\":\"\",\"show_cat_num_articles\":\"\",\"page_subheading\":\"\",\"num_leading_articles\":\"5\",\"num_intro_articles\":\"\",\"num_columns\":\"1\",\"num_links\":\"\",\"multi_column_order\":\"1\",\"show_subcategory_content\":\"\",\"orderby_pri\":\"\",\"orderby_sec\":\"rdate\",\"order_date\":\"published\",\"show_pagination\":\"\",\"show_pagination_results\":\"\",\"show_title\":\"1\",\"link_titles\":\"\",\"show_intro\":\"\",\"show_category\":\"0\",\"link_category\":\"\",\"show_parent_category\":\"0\",\"link_parent_category\":\"\",\"show_author\":\"0\",\"link_author\":\"0\",\"show_create_date\":\"0\",\"show_modify_date\":\"0\",\"show_publish_date\":\"1\",\"show_item_navigation\":\"\",\"show_vote\":\"0\",\"show_readmore\":\"\",\"show_readmore_title\":\"\",\"show_icons\":\"\",\"show_print_icon\":\"0\",\"show_email_icon\":\"0\",\"show_hits\":\"0\",\"show_noauth\":\"\",\"show_feed_link\":\"\",\"feed_summary\":\"\",\"menu-anchor_title\":\"\",\"menu-anchor_css\":\"\",\"menu_image\":\"\",\"menu_text\":1,\"page_title\":\"\",\"show_page_heading\":1,\"page_heading\":\"\",\"pageclass_sfx\":\"\",\"menu-meta_description\":\"\",\"menu-meta_keywords\":\"\",\"robots\":\"\",\"secure\":0}', '33', '34', '1', '*', '0');
DROP TABLE IF EXISTS `aqua_menu_types`;
CREATE TABLE `aqua_menu_types` (   `id` int(10) unsigned NOT NULL AUTO_INCREMENT,   `menutype` varchar(24) NOT NULL,   `title` varchar(48) NOT NULL,   `description` varchar(255) NOT NULL DEFAULT '',   PRIMARY KEY (`id`),   UNIQUE KEY `idx_menutype` (`menutype`) ) ENGINE=MyISAM AUTO_INCREMENT=5 DEFAULT CHARSET=utf8;
INSERT INTO `aqua_menu_types` VALUES ('1', 'mainmenu', 'Menu principal', 'Le menu principal du site'), ('2', 'association', 'L\'Association', ''), ('3', 'comites', 'Comités', '');
DROP TABLE IF EXISTS `aqua_messages`;
CREATE TABLE `aqua_messages` (   `message_id` int(10) unsigned NOT NULL AUTO_INCREMENT,   `user_id_from` int(10) unsigned NOT NULL DEFAULT '0',   `user_id_to` int(10) unsigned NOT NULL DEFAULT '0',   `folder_id` tinyint(3) unsigned NOT NULL DEFAULT '0',   `date_time` datetime NOT NULL DEFAULT '0000-00-00 00:00:00',   `state` tinyint(1) NOT NULL DEFAULT '0',   `priority` tinyint(1) unsigned NOT NULL DEFAULT '0',   `subject` varchar(255) NOT NULL DEFAULT '',   `message` text NOT NULL,   PRIMARY KEY (`message_id`),   KEY `useridto_state` (`user_id_to`,`state`) ) ENGINE=MyISAM AUTO_INCREMENT=2 DEFAULT CHARSET=utf8;
DROP TABLE IF EXISTS `aqua_messages_cfg`;
CREATE TABLE `aqua_messages_cfg` (   `user_id` int(10) unsigned NOT NULL DEFAULT '0',   `cfg_name` varchar(100) NOT NULL DEFAULT '',   `cfg_value` varchar(255) NOT NULL DEFAULT '',   UNIQUE KEY `idx_user_var_name` (`user_id`,`cfg_name`) ) ENGINE=MyISAM DEFAULT CHARSET=utf8;
DROP TABLE IF EXISTS `aqua_modules`;
CREATE TABLE `aqua_modules` (   `id` int(11) NOT NULL AUTO_INCREMENT,   `title` varchar(100) NOT NULL DEFAULT '',   `note` varchar(255) NOT NULL DEFAULT '',   `content` text NOT NULL,   `ordering` int(11) NOT NULL DEFAULT '0',   `position` varchar(50) NOT NULL DEFAULT '',   `checked_out` int(10) unsigned NOT NULL DEFAULT '0',   `checked_out_time` datetime NOT NULL DEFAULT '0000-00-00 00:00:00',   `publish_up` datetime NOT NULL DEFAULT '0000-00-00 00:00:00',   `publish_down` datetime NOT NULL DEFAULT '0000-00-00 00:00:00',   `published` tinyint(1) NOT NULL DEFAULT '0',   `module` varchar(50) DEFAULT NULL,   `access` int(10) unsigned NOT NULL DEFAULT '0',   `showtitle` tinyint(3) unsigned NOT NULL DEFAULT '1',   `params` text NOT NULL,   `client_id` tinyint(4) NOT NULL DEFAULT '0',   `language` char(7) NOT NULL,   PRIMARY KEY (`id`),   KEY `published` (`published`,`access`),   KEY `newsfeeds` (`module`,`published`),   KEY `idx_language` (`language`) ) ENGINE=MyISAM AUTO_INCREMENT=90 DEFAULT CHARSET=utf8;
INSERT INTO `aqua_modules` VALUES ('1', 'Menu principal', '', '', '1', 'position-1', '0', '0000-00-00 00:00:00', '0000-00-00 00:00:00', '0000-00-00 00:00:00', '1', 'mod_menu', '1', '1', '{\"menutype\":\"mainmenu\",\"startLevel\":\"1\",\"endLevel\":\"0\",\"showAllChildren\":\"0\",\"tag_id\":\"\",\"class_sfx\":\"\",\"window_open\":\"\",\"layout\":\"_:default\",\"moduleclass_sfx\":\"_menu\",\"cache\":\"1\",\"cache_time\":\"900\",\"cachemode\":\"itemid\"}', '0', '*'), ('2', 'Identification', '', '', '1', 'login', '0', '0000-00-00 00:00:00', '0000-00-00 00:00:00', '0000-00-00 00:00:00', '1', 'mod_login', '1', '1', '', '1', '*'), ('3', 'Articles populaires', '', '', '3', 'cpanel', '0', '0000-00-00 00:00:00', '0000-00-00 00:00:00', '0000-00-00 00:00:00', '1', 'mod_popular', '3', '1', '{\"count\":\"5\",\"catid\":\"\",\"user_id\":\"0\",\"layout\":\"_:default\",\"moduleclass_sfx\":\"\",\"cache\":\"0\",\"automatic_title\":\"1\"}', '1', '*'), ('4', 'Articles les plus récents', '', '', '4', 'cpanel', '0', '0000-00-00 00:00:00', '0000-00-00 00:00:00', '0000-00-00 00:00:00', '1', 'mod_latest', '3', '1', '{\"count\":\"5\",\"ordering\":\"c_dsc\",\"catid\":\"\",\"user_id\":\"0\",\"layout\":\"_:default\",\"moduleclass_sfx\":\"\",\"cache\":\"0\",\"automatic_title\":\"1\"}', '1', '*'), ('8', 'Barre d\'outils', '', '', '1', 'toolbar', '0', '0000-00-00 00:00:00', '0000-00-00 00:00:00', '0000-00-00 00:00:00', '1', 'mod_toolbar', '3', '1', '', '1', '*'), ('9', 'Icônes de raccourcis', '', '', '1', 'icon', '0', '0000-00-00 00:00:00', '0000-00-00 00:00:00', '0000-00-00 00:00:00', '1', 'mod_quickicon', '3', '1', '', '1', '*'), ('10', 'Utilisateurs connectés', '', '', '2', 'cpanel', '0', '0000-00-00 00:00:00', '0000-00-00 00:00:00', '0000-00-00 00:00:00', '1', 'mod_logged', '3', '1', '{\"count\":\"5\",\"name\":\"1\",\"layout\":\"_:default\",\"moduleclass_sfx\":\"\",\"cache\":\"0\",\"automatic_title\":\"1\"}', '1', '*'), ('12', 'Menu principal', '', '', '1', 'menu', '0', '0000-00-00 00:00:00', '0000-00-00 00:00:00', '0000-00-00 00:00:00', '1', 'mod_menu', '3', '1', '{\"layout\":\"_:default\",\"moduleclass_sfx\":\"\",\"shownew\":\"1\",\"showhelp\":\"1\",\"forum_url\":\"http:\\/\\/forum.joomla.fr\",\"cache\":\"0\"}', '1', '*'), ('13', 'Sous-menu', '', '', '1', 'submenu', '0', '0000-00-00 00:00:00', '0000-00-00 00:00:00', '0000-00-00 00:00:00', '1', 'mod_submenu', '3', '1', '', '1', '*'), ('14', 'Statut utilisateurs', '', '', '2', 'status', '0', '0000-00-00 00:00:00', '0000-00-00 00:00:00', '0000-00-00 00:00:00', '1', 'mod_status', '3', '1', '', '1', '*'), ('15', 'Titre', '', '', '1', 'title', '0', '0000-00-00 00:00:00', '0000-00-00 00:00:00', '0000-00-00 00:00:00', '1', 'mod_title', '3', '1', '', '1', '*'), ('16', 'Connexion', '', '', '1', 'position-5', '0', '0000-00-00 00:00:00', '0000-00-00 00:00:00', '0000-00-00 00:00:00', '1', 'mod_login', '1', '1', '{\"pretext\":\"\",\"posttext\":\"\",\"login\":\"\",\"logout\":\"\",\"greeting\":\"1\",\"name\":\"0\",\"usesecure\":\"0\",\"layout\":\"_:default\",\"moduleclass_sfx\":\"\",\"cache\":\"0\"}', '0', '*'), ('17', 'Fil de navigation', '', '', '1', 'position-2', '0', '0000-00-00 00:00:00', '0000-00-00 00:00:00', '0000-00-00 00:00:00', '1', 'mod_breadcrumbs', '1', '1', '{\"moduleclass_sfx\":\"\",\"showHome\":\"1\",\"homeText\":\"Accueil\",\"showComponent\":\"1\",\"separator\":\"\",\"cache\":\"1\",\"cache_time\":\"900\",\"cachemode\":\"itemid\"}', '0', '*'), ('79', 'Statut multilangue', '', '', '1', 'status', '0', '0000-00-00 00:00:00', '0000-00-00 00:00:00', '0000-00-00 00:00:00', '0', 'mod_multilangstatus', '3', '1', '{\"layout\":\"_:default\",\"moduleclass_sfx\":\"\",\"cache\":\"0\"}', '1', '*'), ('86', 'Joomla Version', '', '', '1', 'footer', '0', '0000-00-00 00:00:00', '0000-00-00 00:00:00', '0000-00-00 00:00:00', '1', 'mod_version', '3', '1', '{\"format\":\"short\",\"product\":\"1\",\"layout\":\"_:default\",\"moduleclass_sfx\":\"\",\"cache\":\"0\"}', '1', '*'), ('87', 'L\'Association', '', '', '1', 'position-7', '0', '0000-00-00 00:00:00', '0000-00-00 00:00:00', '0000-00-00 00:00:00', '1', 'mod_menu', '1', '1', '{\"menutype\":\"association\",\"startLevel\":\"1\",\"endLevel\":\"0\",\"showAllChildren\":\"0\",\"tag_id\":\"\",\"class_sfx\":\"\",\"window_open\":\"\",\"layout\":\"_:default\",\"moduleclass_sfx\":\"\",\"cache\":\"1\",\"cache_time\":\"900\",\"cachemode\":\"itemid\"}', '0', '*'), ('88', 'Les Comités', '', '', '2', 'position-7', '0', '0000-00-00 00:00:00', '0000-00-00 00:00:00', '0000-00-00 00:00:00', '1', 'mod_menu', '1', '1', '{\"menutype\":\"comites\",\"startLevel\":\"1\",\"endLevel\":\"0\",\"showAllChildren\":\"0\",\"tag_id\":\"\",\"class_sfx\":\"\",\"window_open\":\"\",\"layout\":\"_:default\",\"moduleclass_sfx\":\"\",\"cache\":\"1\",\"cache_time\":\"900\",\"cachemode\":\"itemid\"}', '0', '*');
DROP TABLE IF EXISTS `aqua_modules_menu`;
CREATE TABLE `aqua_modules_menu` (   `moduleid` int(11) NOT NULL DEFAULT '0',   `menuid` int(11) NOT NULL DEFAULT '0',   PRIMARY KEY (`moduleid`,`menuid`) ) ENGINE=MyISAM DEFAULT CHARSET=utf8;
INSERT INTO `aqua_modules_menu` VALUES ('1', '0'), ('2', '0'), ('3', '0'), ('4', '0'), ('6', '0'), ('7', '0'), ('8', '0'), ('9', '0'), ('10', '0'), ('12', '0'), ('13', '0'), ('14', '0'), ('15', '0'), ('16', '101'), ('16', '115'), ('17', '0'), ('79', '0'), ('86', '0'), ('87', '0'), ('88', '0'), ('89', '0');
DROP TABLE IF EXISTS `aqua_newsfeeds`;
CREATE TABLE `aqua_newsfeeds` (   `catid` int(11) NOT NULL DEFAULT '0',   `id` int(10) unsigned NOT NULL AUTO_INCREMENT,   `name` varchar(100) NOT NULL DEFAULT '',   `alias` varchar(255) CHARACTER SET utf8 COLLATE utf8_bin NOT NULL DEFAULT '',   `link` varchar(200) NOT NULL DEFAULT '',   `filename` varchar(200) DEFAULT NULL,   `published` tinyint(1) NOT NULL DEFAULT '0',   `numarticles` int(10) unsigned NOT NULL DEFAULT '1',   `cache_time` int(10) unsigned NOT NULL DEFAULT '3600',   `checked_out` int(10) unsigned NOT NULL DEFAULT '0',   `checked_out_time` datetime NOT NULL DEFAULT '0000-00-00 00:00:00',   `ordering` int(11) NOT NULL DEFAULT '0',   `rtl` tinyint(4) NOT NULL DEFAULT '0',   `access` int(10) unsigned NOT NULL DEFAULT '0',   `language` char(7) NOT NULL DEFAULT '',   `params` text NOT NULL,   `created` datetime NOT NULL DEFAULT '0000-00-00 00:00:00',   `created_by` int(10) unsigned NOT NULL DEFAULT '0',   `created_by_alias` varchar(255) NOT NULL DEFAULT '',   `modified` datetime NOT NULL DEFAULT '0000-00-00 00:00:00',   `modified_by` int(10) unsigned NOT NULL DEFAULT '0',   `metakey` text NOT NULL,   `metadesc` text NOT NULL,   `metadata` text NOT NULL,   `xreference` varchar(50) NOT NULL COMMENT 'A reference to enable linkages to external data sets.',   `publish_up` datetime NOT NULL DEFAULT '0000-00-00 00:00:00',   `publish_down` datetime NOT NULL DEFAULT '0000-00-00 00:00:00',   PRIMARY KEY (`id`),   KEY `idx_access` (`access`),   KEY `idx_checkout` (`checked_out`),   KEY `idx_state` (`published`),   KEY `idx_catid` (`catid`),   KEY `idx_createdby` (`created_by`),   KEY `idx_language` (`language`),   KEY `idx_xreference` (`xreference`) ) ENGINE=MyISAM DEFAULT CHARSET=utf8;
DROP TABLE IF EXISTS `aqua_overrider`;
CREATE TABLE `aqua_overrider` (   `id` int(10) NOT NULL AUTO_INCREMENT COMMENT 'Primary Key',   `constant` varchar(255) NOT NULL,   `string` text NOT NULL,   `file` varchar(255) NOT NULL,   PRIMARY KEY (`id`) ) ENGINE=MyISAM DEFAULT CHARSET=utf8;
DROP TABLE IF EXISTS `aqua_redirect_links`;
CREATE TABLE `aqua_redirect_links` (   `id` int(10) unsigned NOT NULL AUTO_INCREMENT,   `old_url` varchar(255) NOT NULL,   `new_url` varchar(255) NOT NULL,   `referer` varchar(150) NOT NULL,   `comment` varchar(255) NOT NULL,   `published` tinyint(4) NOT NULL,   `created_date` datetime NOT NULL DEFAULT '0000-00-00 00:00:00',   `modified_date` datetime NOT NULL DEFAULT '0000-00-00 00:00:00',   PRIMARY KEY (`id`),   UNIQUE KEY `idx_link_old` (`old_url`),   KEY `idx_link_modifed` (`modified_date`) ) ENGINE=MyISAM AUTO_INCREMENT=4 DEFAULT CHARSET=utf8;
INSERT INTO `aqua_redirect_links` VALUES ('1', 'http://localhost:8888/aquanautes/index.php/membres/index.php', '', 'http://localhost:8888/aquanautes/index.php/membres/1-steph', '', '0', '2012-09-15 11:56:07', '0000-00-00 00:00:00'), ('2', 'http://localhost:8080/aquanautes/index.php/image', '', '', '', '0', '2012-10-09 00:33:21', '0000-00-00 00:00:00'), ('3', 'http://localhost:8080/aquanautes-clean/index.php/function.include', '', 'http://localhost:8080/aquanautes-clean/index.php/accueil', '', '0', '2012-11-04 19:04:50', '0000-00-00 00:00:00');
DROP TABLE IF EXISTS `aqua_schemas`;
CREATE TABLE `aqua_schemas` (   `extension_id` int(11) NOT NULL,   `version_id` varchar(20) NOT NULL,   PRIMARY KEY (`extension_id`,`version_id`) ) ENGINE=MyISAM DEFAULT CHARSET=utf8;
INSERT INTO `aqua_schemas` VALUES ('700', '2.5.4-2012-03-19'), ('10009', '3.6.0-2012-07-31');
DROP TABLE IF EXISTS `aqua_session`;
CREATE TABLE `aqua_session` (   `session_id` varchar(200) NOT NULL DEFAULT '',   `client_id` tinyint(3) unsigned NOT NULL DEFAULT '0',   `guest` tinyint(4) unsigned DEFAULT '1',   `time` varchar(14) DEFAULT '',   `data` mediumtext,   `userid` int(11) DEFAULT '0',   `username` varchar(150) DEFAULT '',   `usertype` varchar(50) DEFAULT '',   PRIMARY KEY (`session_id`),   KEY `whosonline` (`guest`,`usertype`),   KEY `userid` (`userid`),   KEY `time` (`time`) ) ENGINE=MyISAM DEFAULT CHARSET=utf8;
DROP TABLE IF EXISTS `aqua_template_styles`;
CREATE TABLE `aqua_template_styles` (   `id` int(10) unsigned NOT NULL AUTO_INCREMENT,   `template` varchar(50) NOT NULL DEFAULT '',   `client_id` tinyint(1) unsigned NOT NULL DEFAULT '0',   `home` char(7) NOT NULL DEFAULT '0',   `title` varchar(255) NOT NULL DEFAULT '',   `params` text NOT NULL,   PRIMARY KEY (`id`),   KEY `idx_template` (`template`),   KEY `idx_home` (`home`) ) ENGINE=MyISAM AUTO_INCREMENT=14 DEFAULT CHARSET=utf8;
INSERT INTO `aqua_template_styles` VALUES ('2', 'bluestork', '1', '1', 'Bluestork - Default', '{\"useRoundedCorners\":\"1\",\"showSiteName\":\"0\"}'), ('3', 'atomic', '0', '0', 'Atomic - Default', '{}'), ('4', 'beez_20', '0', '0', 'Beez2 - Default', '{\"wrapperSmall\":\"53\",\"wrapperLarge\":\"72\",\"logo\":\"images\\/joomla_black.gif\",\"sitetitle\":\"Joomla!\",\"sitedescription\":\"Open Source Content Management\",\"navposition\":\"left\",\"templatecolor\":\"personal\",\"html5\":\"0\"}'), ('5', 'hathor', '1', '0', 'Hathor - Default', '{\"showSiteName\":\"0\",\"colourChoice\":\"\",\"boldText\":\"0\"}'), ('6', 'beez5', '0', '0', 'Beez5 - Default', '{\"wrapperSmall\":\"53\",\"wrapperLarge\":\"72\",\"logo\":\"images\\/sampledata\\/fruitshop\\/fruits.gif\",\"sitetitle\":\"Joomla!\",\"sitedescription\":\"Open Source Content Management\",\"navposition\":\"left\",\"html5\":\"0\"}'), ('13', 'aqua', '0', '1', 'aqua - Par défaut', '{\"colorVariation\":\"bluedarkblue\",\"hideLogo\":\"0\",\"logoVariation\":\"3\",\"logo\":\"\",\"banner\":\"banner.jpg\",\"annimatedBanner\":\"banner.swf\",\"bannerType\":\"1\",\"sitetitle\":\"Les Aquanautes\"}');
DROP TABLE IF EXISTS `aqua_update_categories`;
CREATE TABLE `aqua_update_categories` (   `categoryid` int(11) NOT NULL AUTO_INCREMENT,   `name` varchar(20) DEFAULT '',   `description` text NOT NULL,   `parent` int(11) DEFAULT '0',   `updatesite` int(11) DEFAULT '0',   PRIMARY KEY (`categoryid`) ) ENGINE=MyISAM DEFAULT CHARSET=utf8 COMMENT='Update Categories';
DROP TABLE IF EXISTS `aqua_update_sites`;
CREATE TABLE `aqua_update_sites` (   `update_site_id` int(11) NOT NULL AUTO_INCREMENT,   `name` varchar(100) DEFAULT '',   `type` varchar(20) DEFAULT '',   `location` text NOT NULL,   `enabled` int(11) DEFAULT '0',   `last_check_timestamp` bigint(20) DEFAULT '0',   PRIMARY KEY (`update_site_id`) ) ENGINE=MyISAM AUTO_INCREMENT=4 DEFAULT CHARSET=utf8 COMMENT='Update Sites';
INSERT INTO `aqua_update_sites` VALUES ('1', 'Joomla Core', 'collection', 'http://update.joomla.org/core/list.xml', '0', '1347645057'), ('2', 'Joomla Extension Directory', 'collection', 'http://update.joomla.org/jed/list.xml', '0', '1347645057'), ('3', 'French Language Pack Updates', 'collection', 'http://update.joomla.fr/translationlist.xml', '0', '1347645057');
DROP TABLE IF EXISTS `aqua_update_sites_extensions`;
CREATE TABLE `aqua_update_sites_extensions` (   `update_site_id` int(11) NOT NULL DEFAULT '0',   `extension_id` int(11) NOT NULL DEFAULT '0',   PRIMARY KEY (`update_site_id`,`extension_id`) ) ENGINE=MyISAM DEFAULT CHARSET=utf8 COMMENT='Links extensions to update sites';
INSERT INTO `aqua_update_sites_extensions` VALUES ('1', '700'), ('2', '700'), ('3', '10003');
DROP TABLE IF EXISTS `aqua_updates`;
CREATE TABLE `aqua_updates` (   `update_id` int(11) NOT NULL AUTO_INCREMENT,   `update_site_id` int(11) DEFAULT '0',   `extension_id` int(11) DEFAULT '0',   `categoryid` int(11) DEFAULT '0',   `name` varchar(100) DEFAULT '',   `description` text NOT NULL,   `element` varchar(100) DEFAULT '',   `type` varchar(20) DEFAULT '',   `folder` varchar(20) DEFAULT '',   `client_id` tinyint(3) DEFAULT '0',   `version` varchar(10) DEFAULT '',   `data` text NOT NULL,   `detailsurl` text NOT NULL,   `infourl` text NOT NULL,   PRIMARY KEY (`update_id`) ) ENGINE=MyISAM AUTO_INCREMENT=4 DEFAULT CHARSET=utf8 COMMENT='Available Updates';
INSERT INTO `aqua_updates` VALUES ('1', '1', '700', '0', 'Joomla', '', 'joomla', 'file', '', '0', '2.5.6', '', 'http://update.joomla.org/core/extension.xml', ''), ('2', '3', '10003', '0', 'French', '', 'pkg_fr-FR', 'package', '', '0', '2.5.4.2', '', 'http://update.joomla.org/language/details/fr-FR_details.xml', ''), ('3', '1', '0', '0', 'Joomla', '', 'joomla', 'file', '', '0', '2.5.7', '', 'http://update.joomla.org/core/extension.xml', '');
DROP TABLE IF EXISTS `aqua_user_notes`;
CREATE TABLE `aqua_user_notes` (   `id` int(10) unsigned NOT NULL AUTO_INCREMENT,   `user_id` int(10) unsigned NOT NULL DEFAULT '0',   `catid` int(10) unsigned NOT NULL DEFAULT '0',   `subject` varchar(100) NOT NULL DEFAULT '',   `body` text NOT NULL,   `state` tinyint(3) NOT NULL DEFAULT '0',   `checked_out` int(10) unsigned NOT NULL DEFAULT '0',   `checked_out_time` datetime NOT NULL DEFAULT '0000-00-00 00:00:00',   `created_user_id` int(10) unsigned NOT NULL DEFAULT '0',   `created_time` datetime NOT NULL DEFAULT '0000-00-00 00:00:00',   `modified_user_id` int(10) unsigned NOT NULL,   `modified_time` datetime NOT NULL DEFAULT '0000-00-00 00:00:00',   `review_time` datetime NOT NULL DEFAULT '0000-00-00 00:00:00',   `publish_up` datetime NOT NULL DEFAULT '0000-00-00 00:00:00',   `publish_down` datetime NOT NULL DEFAULT '0000-00-00 00:00:00',   PRIMARY KEY (`id`),   KEY `idx_user_id` (`user_id`),   KEY `idx_category_id` (`catid`) ) ENGINE=MyISAM DEFAULT CHARSET=utf8;
DROP TABLE IF EXISTS `aqua_user_profiles`;
CREATE TABLE `aqua_user_profiles` (   `user_id` int(11) NOT NULL,   `profile_key` varchar(100) NOT NULL,   `profile_value` varchar(255) NOT NULL,   `ordering` int(11) NOT NULL DEFAULT '0',   UNIQUE KEY `idx_user_id_profile_key` (`user_id`,`profile_key`) ) ENGINE=MyISAM DEFAULT CHARSET=utf8 COMMENT='Simple user profile storage table';
DROP TABLE IF EXISTS `aqua_user_usergroup_map`;
CREATE TABLE `aqua_user_usergroup_map` (   `user_id` int(10) unsigned NOT NULL DEFAULT '0' COMMENT 'Foreign Key to aqua_users.id',   `group_id` int(10) unsigned NOT NULL DEFAULT '0' COMMENT 'Foreign Key to aqua_usergroups.id',   PRIMARY KEY (`user_id`,`group_id`) ) ENGINE=MyISAM DEFAULT CHARSET=utf8;
INSERT INTO `aqua_user_usergroup_map` VALUES ('42', '8'), ('43', '8'), ('44', '2');
DROP TABLE IF EXISTS `aqua_usergroups`;
CREATE TABLE `aqua_usergroups` (   `id` int(10) unsigned NOT NULL AUTO_INCREMENT COMMENT 'Primary Key',   `parent_id` int(10) unsigned NOT NULL DEFAULT '0' COMMENT 'Adjacency List Reference Id',   `lft` int(11) NOT NULL DEFAULT '0' COMMENT 'Nested set lft.',   `rgt` int(11) NOT NULL DEFAULT '0' COMMENT 'Nested set rgt.',   `title` varchar(100) NOT NULL DEFAULT '',   PRIMARY KEY (`id`),   UNIQUE KEY `idx_usergroup_parent_title_lookup` (`parent_id`,`title`),   KEY `idx_usergroup_title_lookup` (`title`),   KEY `idx_usergroup_adjacency_lookup` (`parent_id`),   KEY `idx_usergroup_nested_set_lookup` (`lft`,`rgt`) ) ENGINE=MyISAM AUTO_INCREMENT=9 DEFAULT CHARSET=utf8;
INSERT INTO `aqua_usergroups` VALUES ('1', '0', '1', '20', 'Public'), ('2', '1', '6', '17', 'Enregistré'), ('3', '2', '7', '14', 'Auteur'), ('4', '3', '8', '11', 'Rédacteur'), ('5', '4', '9', '10', 'Éditeur'), ('6', '1', '2', '5', 'Gestionnaire'), ('7', '6', '3', '4', 'Administrateur'), ('8', '1', '18', '19', 'Super Utilisateur');
DROP TABLE IF EXISTS `aqua_users`;
CREATE TABLE `aqua_users` (   `id` int(11) NOT NULL AUTO_INCREMENT,   `name` varchar(255) NOT NULL DEFAULT '',   `username` varchar(150) NOT NULL DEFAULT '',   `email` varchar(100) NOT NULL DEFAULT '',   `password` varchar(100) NOT NULL DEFAULT '',   `usertype` varchar(25) NOT NULL DEFAULT '',   `block` tinyint(4) NOT NULL DEFAULT '0',   `sendEmail` tinyint(4) DEFAULT '0',   `registerDate` datetime NOT NULL DEFAULT '0000-00-00 00:00:00',   `lastvisitDate` datetime NOT NULL DEFAULT '0000-00-00 00:00:00',   `activation` varchar(100) NOT NULL DEFAULT '',   `params` text NOT NULL,   PRIMARY KEY (`id`),   KEY `usertype` (`usertype`),   KEY `idx_name` (`name`),   KEY `idx_block` (`block`),   KEY `username` (`username`),   KEY `email` (`email`) ) ENGINE=MyISAM AUTO_INCREMENT=45 DEFAULT CHARSET=utf8;
INSERT INTO `aqua_users` VALUES ('42', 'Le Chenapan', 'chenapan', 'webmaster@lesaquanautes.eu', '6432c98ad13e7de78c77e7da2758acf2:YYe82XJ6N0S5U5msF4FYONyeikEzv0RT', 'deprecated', '0', '1', '2012-09-11 22:41:05', '2012-11-16 11:02:13', '0', '{\"admin_style\":\"\",\"admin_language\":\"\",\"language\":\"\",\"editor\":\"\",\"helpsite\":\"\",\"timezone\":\"\"}'), ('43', 'Stéphane Jamme', 'sjamme', 'contact@lesaquanautes.eu', '5f3e1828f2beb6ab7fdb2bb8b92a632f:lbb1LLuShtXRnjvMHLzt6Oa6I8Mk6BZ8', '', '0', '0', '2012-09-22 21:51:52', '2012-11-15 14:48:04', '', '{\"admin_style\":\"\",\"admin_language\":\"\",\"language\":\"\",\"editor\":\"\",\"helpsite\":\"\",\"timezone\":\"\"}'), ('44', 'Georges Beaujean', 'georgium', 'georgium@gmail.com', '85541e806076232d92bb96dd6bfbf74f:6oh1Dc0aMuHrYLuu4XSAk4bx8npUVZTV', '', '0', '0', '2012-09-23 07:51:26', '2012-09-23 07:57:04', '', '{\"admin_style\":\"\",\"admin_language\":\"\",\"language\":\"\",\"editor\":\"\",\"helpsite\":\"\",\"timezone\":\"\"}');
DROP TABLE IF EXISTS `aqua_viewlevels`;
CREATE TABLE `aqua_viewlevels` (   `id` int(10) unsigned NOT NULL AUTO_INCREMENT COMMENT 'Primary Key',   `title` varchar(100) NOT NULL DEFAULT '',   `ordering` int(11) NOT NULL DEFAULT '0',   `rules` varchar(5120) NOT NULL COMMENT 'JSON encoded access control.',   PRIMARY KEY (`id`),   UNIQUE KEY `idx_assetgroup_title_lookup` (`title`) ) ENGINE=MyISAM AUTO_INCREMENT=4 DEFAULT CHARSET=utf8;
INSERT INTO `aqua_viewlevels` VALUES ('1', 'Accès Public', '0', '[1]'), ('2', 'Accès Enregistré', '1', '[6,2,8]'), ('3', 'Accès Spécial', '2', '[6,3,8]');
DROP TABLE IF EXISTS `aqua_weblinks`;
CREATE TABLE `aqua_weblinks` (   `id` int(10) unsigned NOT NULL AUTO_INCREMENT,   `catid` int(11) NOT NULL DEFAULT '0',   `sid` int(11) NOT NULL DEFAULT '0',   `title` varchar(250) NOT NULL DEFAULT '',   `alias` varchar(255) CHARACTER SET utf8 COLLATE utf8_bin NOT NULL DEFAULT '',   `url` varchar(250) NOT NULL DEFAULT '',   `description` text NOT NULL,   `date` datetime NOT NULL DEFAULT '0000-00-00 00:00:00',   `hits` int(11) NOT NULL DEFAULT '0',   `state` tinyint(1) NOT NULL DEFAULT '0',   `checked_out` int(11) NOT NULL DEFAULT '0',   `checked_out_time` datetime NOT NULL DEFAULT '0000-00-00 00:00:00',   `ordering` int(11) NOT NULL DEFAULT '0',   `archived` tinyint(1) NOT NULL DEFAULT '0',   `approved` tinyint(1) NOT NULL DEFAULT '1',   `access` int(11) NOT NULL DEFAULT '1',   `params` text NOT NULL,   `language` char(7) NOT NULL DEFAULT '',   `created` datetime NOT NULL DEFAULT '0000-00-00 00:00:00',   `created_by` int(10) unsigned NOT NULL DEFAULT '0',   `created_by_alias` varchar(255) NOT NULL DEFAULT '',   `modified` datetime NOT NULL DEFAULT '0000-00-00 00:00:00',   `modified_by` int(10) unsigned NOT NULL DEFAULT '0',   `metakey` text NOT NULL,   `metadesc` text NOT NULL,   `metadata` text NOT NULL,   `featured` tinyint(3) unsigned NOT NULL DEFAULT '0' COMMENT 'Set if link is featured.',   `xreference` varchar(50) NOT NULL COMMENT 'A reference to enable linkages to external data sets.',   `publish_up` datetime NOT NULL DEFAULT '0000-00-00 00:00:00',   `publish_down` datetime NOT NULL DEFAULT '0000-00-00 00:00:00',   PRIMARY KEY (`id`),   KEY `idx_access` (`access`),   KEY `idx_checkout` (`checked_out`),   KEY `idx_state` (`state`),   KEY `idx_catid` (`catid`),   KEY `idx_createdby` (`created_by`),   KEY `idx_featured_catid` (`featured`,`catid`),   KEY `idx_language` (`language`),   KEY `idx_xreference` (`xreference`) ) ENGINE=MyISAM DEFAULT CHARSET=utf8;
DROP TABLE IF EXISTS `cpg15x_albums`;
CREATE TABLE `cpg15x_albums` (   `aid` int(11) NOT NULL AUTO_INCREMENT,   `title` varchar(255) NOT NULL DEFAULT '',   `description` text NOT NULL,   `visibility` int(11) NOT NULL DEFAULT '0',   `uploads` enum('YES','NO') NOT NULL DEFAULT 'NO',   `comments` enum('YES','NO') NOT NULL DEFAULT 'YES',   `votes` enum('YES','NO') NOT NULL DEFAULT 'YES',   `pos` int(11) NOT NULL DEFAULT '0',   `category` int(11) NOT NULL DEFAULT '0',   `owner` int(11) NOT NULL DEFAULT '1',   `thumb` int(11) NOT NULL DEFAULT '0',   `keyword` varchar(50) DEFAULT NULL,   `alb_password` varchar(32) DEFAULT NULL,   `alb_password_hint` text,   `moderator_group` int(11) NOT NULL DEFAULT '0',   `alb_hits` int(10) NOT NULL DEFAULT '0',   PRIMARY KEY (`aid`),   KEY `alb_category` (`category`),   KEY `moderator_group` (`moderator_group`),   KEY `visibility` (`visibility`) ) ENGINE=MyISAM AUTO_INCREMENT=2 DEFAULT CHARSET=utf8 COMMENT='Used to store albums';
DROP TABLE IF EXISTS `cpg15x_banned`;
CREATE TABLE `cpg15x_banned` (   `ban_id` int(11) NOT NULL AUTO_INCREMENT,   `user_id` int(11) DEFAULT NULL,   `user_name` varchar(255) NOT NULL DEFAULT '',   `email` varchar(255) NOT NULL DEFAULT '',   `ip_addr` tinytext,   `expiry` datetime DEFAULT NULL,   `brute_force` tinyint(5) NOT NULL DEFAULT '0',   PRIMARY KEY (`ban_id`) ) ENGINE=MyISAM DEFAULT CHARSET=utf8 COMMENT='Data about banned users';
DROP TABLE IF EXISTS `cpg15x_bridge`;
CREATE TABLE `cpg15x_bridge` (   `name` varchar(40) NOT NULL DEFAULT '0',   `value` varchar(255) NOT NULL DEFAULT '',   UNIQUE KEY `name` (`name`) ) ENGINE=MyISAM DEFAULT CHARSET=utf8 COMMENT='Stores the bridging data, not used when unbridged';
INSERT INTO `cpg15x_bridge` VALUES ('cookie_prefix', ''), ('full_forum_url', '.'), ('recovery_logon_failures', '0'), ('recovery_logon_timestamp', '2012-11-11 06:22:00'), ('relative_path_to_config_file', '../'), ('short_name', 'joomla25'), ('use_post_based_groups', '0');
DROP TABLE IF EXISTS `cpg15x_categories`;
CREATE TABLE `cpg15x_categories` (   `cid` int(11) NOT NULL AUTO_INCREMENT,   `owner_id` int(11) NOT NULL DEFAULT '0',   `name` varchar(255) NOT NULL DEFAULT '',   `description` text NOT NULL,   `pos` int(11) NOT NULL DEFAULT '0',   `parent` int(11) NOT NULL DEFAULT '0',   `thumb` int(11) NOT NULL DEFAULT '0',   `lft` mediumint(8) unsigned NOT NULL DEFAULT '0',   `rgt` mediumint(8) unsigned NOT NULL DEFAULT '0',   `depth` tinyint(3) unsigned NOT NULL DEFAULT '0',   PRIMARY KEY (`cid`),   KEY `cat_parent` (`parent`),   KEY `cat_pos` (`pos`),   KEY `cat_owner_id` (`owner_id`),   KEY `depth_cid` (`depth`,`cid`),   KEY `lft_depth` (`lft`,`depth`) ) ENGINE=MyISAM AUTO_INCREMENT=2 DEFAULT CHARSET=utf8 COMMENT='Used to store categories';
INSERT INTO `cpg15x_categories` VALUES ('1', '0', 'User galleries', 'This category contains albums that belong to Coppermine users.', '0', '0', '0', '1', '2', '1');
DROP TABLE IF EXISTS `cpg15x_categorymap`;
CREATE TABLE `cpg15x_categorymap` (   `cid` int(11) NOT NULL,   `group_id` int(11) NOT NULL,   PRIMARY KEY (`cid`,`group_id`) ) ENGINE=MyISAM DEFAULT CHARSET=utf8 COMMENT='Holds the categories where groups can create albums';
DROP TABLE IF EXISTS `cpg15x_comments`;
CREATE TABLE `cpg15x_comments` (   `pid` mediumint(10) NOT NULL DEFAULT '0',   `msg_id` mediumint(10) NOT NULL AUTO_INCREMENT,   `msg_author` varchar(25) NOT NULL DEFAULT '',   `msg_body` text NOT NULL,   `msg_date` datetime NOT NULL DEFAULT '0000-00-00 00:00:00',   `msg_raw_ip` tinytext,   `msg_hdr_ip` tinytext,   `author_md5_id` varchar(32) NOT NULL DEFAULT '',   `author_id` int(11) NOT NULL DEFAULT '0',   `approval` enum('YES','NO') NOT NULL DEFAULT 'YES',   `spam` enum('YES','NO') NOT NULL DEFAULT 'NO',   PRIMARY KEY (`msg_id`),   KEY `com_pic_id` (`pid`),   KEY `author_id` (`author_id`) ) ENGINE=MyISAM DEFAULT CHARSET=utf8 COMMENT='Used to store comments made on pics';
DROP TABLE IF EXISTS `cpg15x_config`;
CREATE TABLE `cpg15x_config` (   `name` varchar(40) NOT NULL DEFAULT '',   `value` varchar(255) NOT NULL DEFAULT '',   PRIMARY KEY (`name`) ) ENGINE=MyISAM DEFAULT CHARSET=utf8 COMMENT='Used to store the configuration options';
INSERT INTO `cpg15x_config` VALUES ('admin_activation', '0'), ('albums_per_page', '12'), ('album_list_cols', '2'), ('alb_desc_thumb', '1'), ('alb_list_thumb_size', '50'), ('allowed_doc_types', 'doc/txt/rtf/pdf/xls/pps/ppt/zip/gz/mdb'), ('allowed_img_types', 'jpeg/jpg/png/gif'), ('allowed_mov_types', 'asf/asx/mpg/mpeg/wmv/swf/avi/mov'), ('allowed_snd_types', 'mp3/midi/mid/wma/wav/ogg'), ('allow_duplicate_emails_addr', '0'), ('allow_email_change', '0'), ('allow_guests_enter_file_details', '0'), ('allow_memberlist', '0'), ('allow_private_albums', '1'), ('allow_unlogged_access', '3'), ('allow_user_account_delete', '0'), ('allow_user_album_keyword', '0'), ('allow_user_edit_after_cat_close', '0'), ('allow_user_move_album', '0'), ('allow_user_registration', '0'), ('allow_user_upload_choice', '1'), ('auto_resize', '1'), ('batch_proc_limit', '2'), ('bridge_enable', '1'), ('browse_batch_add', '1'), ('browse_by_date', '0'), ('caption_in_thumbview', '1'), ('categories_alpha_sort', '0'), ('charset', 'utf-8'), ('clickable_keyword_search', '1'), ('comments_anon_pfx', 'Guest_'), ('comments_per_page', '20'), ('comments_sort_descending', '0'), ('comment_akismet_api_key', ''), ('comment_akismet_counter', '0'), ('comment_akismet_enable', '0'), ('comment_akismet_group', '0'), ('comment_approval', '0'), ('comment_captcha', '1'), ('comment_placeholder', '1'), ('comment_promote_registration', '0'), ('comment_user_edit', '1'), ('contact_form_guest_email_field', '2'), ('contact_form_guest_enable', '0'), ('contact_form_guest_name_field', '2'), ('contact_form_registered_enable', '1'), ('contact_form_sender_email', '1'), ('contact_form_subject_content', 'Coppermine gallery contact form'), ('contact_form_subject_field', '0'), ('cookie_name', 'cpg15x'), ('cookie_path', '/'), ('count_admin_hits', '0'), ('count_album_hits', '1'), ('count_file_hits', '1'), ('custom_footer_path', ''), ('custom_header_path', ''), ('custom_lnk_name', ''), ('custom_lnk_url', ''), ('debug_mode', '0'), ('debug_notice', '0'), ('default_dir_mode', '0755'), ('default_file_mode', '0644'), ('default_sort_order', 'na'), ('disable_comment_flood_protect', '0'), ('display_comment_approval_only', '0'), ('display_comment_count', '0'), ('display_coppermine_news', '1'), ('display_filename', '0'), ('display_film_strip', '1'), ('display_pic_info', '0'), ('display_redirection_page', '0'), ('display_reset_boxes_in_config', '0'), ('display_sidebar_guest', '1'), ('display_sidebar_user', '1'), ('display_stats_on_index', '1'), ('display_thumbnail_rating', '0'), ('display_thumbs_batch_add', '1'), ('display_uploader', '0'), ('display_xp_publish_link', '0'), ('ecards_more_pic_target', 'http://www.lesaquanautes.eu/diaporamar/'), ('ecard_flash', '0'), ('email_comment_notification', '0'), ('enable_encrypted_passwords', '1'), ('enable_help', '1'), ('enable_menu_icons', '2'), ('enable_plugins', '1'), ('enable_smilies', '1'), ('enable_thumb_watermark', '1'), ('enable_unsharp', '0'), ('enable_watermark', '0'), ('enable_zipdownload', '0'), ('filter_bad_words', '0'), ('first_level', '1'), ('forbiden_fname_char', '$/\\\\:*?&quot;&#039;&lt;&gt;|` &amp;#@'), ('form_token_lifetime', '900'), ('fullpath', 'albums/'), ('fullsize_padding_x', '5'), ('fullsize_padding_y', '3'), ('gallery_admin_email', 'lechenapan@gmail.com'), ('gallery_description', 'le diaporama des Aquanautes...'), ('gallery_name', 'Diaporamar'), ('global_registration_pw', ''), ('guest_token_cleanup', '0'), ('hit_details', '0'), ('home_target', '../'), ('impath', '/usr/bin/'), ('im_options', '-antialias'), ('jpeg_qual', '80'), ('keep_votes_time', '30'), ('keyword_separator', ';'), ('lang', 'english'), ('language_autodetect', '1'), ('link_pic_count', '1'), ('login_expiry', '10'), ('login_method', ''), ('login_threshold', '5'), ('log_ecards', '0'), ('log_mode', '0'), ('main_page_layout', 'breadcrumb/catlist/alblist/random,2/lastup,2'), ('main_table_width', '100%'), ('make_intermediate', '1'), ('max_com_lines', '10'), ('max_com_size', '512'), ('max_com_wlength', '38'), ('max_film_strip_items', '5'), ('max_img_desc_length', '512'), ('max_tabs', '12'), ('max_upl_size', '1024'), ('max_upl_width_height', '2048'), ('media_autostart', '1'), ('min_votes_for_rating', '1'), ('normal_pfx', 'normal_'), ('offline', '0'), ('old_style_rating', '0'), ('orig_pfx', 'orig_'), ('performance_page_generation_time', '0'), ('performance_page_query_count', '0'), ('performance_page_query_time', '0'), ('performance_timestamp', '0'), ('personal_album_on_registration', '0'), ('picinfo_movie_download_link', '1'), ('picture_table_width', '100%'), ('picture_use', 'thumb'), ('picture_width', '400'), ('purge_expired_bans', '1'), ('rate_own_files', '0'), ('rating_stars_amount', '5'), ('read_exif_data', '0'), ('read_iptc_data', '0'), ('reduce_watermark', '0'), ('registration_captcha', '0'), ('reg_notify_admin_email', '0'), ('reg_requires_valid_email', '0'), ('report_post', '0'), ('session_cleanup', '1352633252'), ('show_bbcode_help', '1'), ('show_private', '0'), ('show_which_exif', '|0|0|0|0|0|0|0|0|1|0|1|1|0|0|0|0|0|0|0|0|0|0|0|1|0|0|0|1|0|0|0|1|1|0|0|0|0|1|0|0|0|1|0|0|1|1|0|0|0|0|0|1|0|1|1'), ('silly_safe_mode', '0'), ('site_token', 'a18e03a5aa05987c38890ee88f74ab23'), ('slideshow_hits', '1'), ('slideshow_interval', '5000'), ('smtp_host', ''), ('smtp_password', ''), ('smtp_username', ''), ('subcat_level', '2'), ('tabs_dropdown', '1'), ('theme', 'twentyten'), ('theme_list', '0'), ('thumbcols', '4'), ('thumbnail_to_fullsize', '0'), ('thumbrows', '3'), ('thumb_height', '128'), ('thumb_method', 'gd2'), ('thumb_pfx', 'thumb_'), ('thumb_use', 'any'), ('thumb_width', '128'), ('time_offset', '0'), ('transparent_overlay', '0'), ('unsharp_amount', '120'), ('unsharp_radius', '0.5'), ('unsharp_threshold', '3'), ('upload_mechanism', 'swfupload'), ('upl_notify_admin_email', '0'), ('userpics', 'userpics/'), ('users_can_edit_pics', '0'), ('user_field1_name', ''), ('user_field2_name', ''), ('user_field3_name', ''), ('user_field4_name', ''), ('user_profile1_name', 'Location'), ('user_profile2_name', 'Interests'), ('user_profile3_name', 'Website'), ('user_profile4_name', 'Occupation'), ('user_profile5_name', ''), ('user_profile6_name', 'Biography'), ('user_registration_disclaimer', ''), ('views_in_thumbview', '1'), ('vote_details', '0'), ('watermark_file', 'images/watermark.png'), ('watermark_transparency', '40'), ('watermark_transparency_featherx', '0'), ('watermark_transparency_feathery', '0'), ('where_put_watermark', 'southeast'), ('which_files_to_watermark', 'both');
DROP TABLE IF EXISTS `cpg15x_dict`;
CREATE TABLE `cpg15x_dict` (   `keyId` bigint(20) NOT NULL AUTO_INCREMENT,   `keyword` varchar(60) NOT NULL,   PRIMARY KEY (`keyId`),   UNIQUE KEY `keyword` (`keyword`) ) ENGINE=MyISAM DEFAULT CHARSET=utf8 COMMENT='Holds the keyword dictionary';
DROP TABLE IF EXISTS `cpg15x_ecards`;
CREATE TABLE `cpg15x_ecards` (   `eid` int(11) NOT NULL AUTO_INCREMENT,   `sender_name` varchar(50) NOT NULL DEFAULT '',   `sender_email` text NOT NULL,   `recipient_name` varchar(50) NOT NULL DEFAULT '',   `recipient_email` text NOT NULL,   `link` text NOT NULL,   `date` tinytext NOT NULL,   `sender_ip` tinytext NOT NULL,   PRIMARY KEY (`eid`) ) ENGINE=MyISAM DEFAULT CHARSET=utf8 COMMENT='Used to log ecards';
DROP TABLE IF EXISTS `cpg15x_exif`;
CREATE TABLE `cpg15x_exif` (   `pid` int(11) NOT NULL,   `exifData` text NOT NULL,   PRIMARY KEY (`pid`) ) ENGINE=MyISAM DEFAULT CHARSET=utf8 COMMENT='Stores EXIF data from individual pics';
DROP TABLE IF EXISTS `cpg15x_favpics`;
CREATE TABLE `cpg15x_favpics` (   `user_id` int(11) NOT NULL,   `user_favpics` text NOT NULL,   PRIMARY KEY (`user_id`) ) ENGINE=MyISAM DEFAULT CHARSET=utf8 COMMENT='Stores the server side favourites';
DROP TABLE IF EXISTS `cpg15x_filetypes`;
CREATE TABLE `cpg15x_filetypes` (   `extension` char(7) NOT NULL DEFAULT '',   `mime` char(254) DEFAULT NULL,   `content` char(15) DEFAULT NULL,   `player` varchar(5) DEFAULT NULL,   PRIMARY KEY (`extension`) ) ENGINE=MyISAM DEFAULT CHARSET=utf8 COMMENT='Used to store the file extensions';
INSERT INTO `cpg15x_filetypes` VALUES ('001', 'application/001', 'document', ''), ('7z', 'application/7z', 'document', ''), ('arj', 'application/arj', 'document', ''), ('asf', 'video/x-ms-asf', 'movie', 'WMP'), ('asx', 'video/x-ms-asx', 'movie', 'WMP'), ('avi', 'video/avi', 'movie', 'WMP'), ('bmp', 'image/bmp', 'image', ''), ('bz2', 'application/bz2', 'document', ''), ('cab', 'application/cab', 'document', ''), ('doc', 'application/msword', 'document', ''), ('docm', 'application/vnd.ms-word.document.macroEnabled.12', 'document', ''), ('docx', 'application/vnd.openxmlformats-officedocument.wordprocessingml.document', 'document', ''), ('dotm', 'application/vnd.ms-word.template.macroEnabled.12', 'document', ''), ('dotx', 'application/vnd.openxmlformats-officedocument.wordprocessingml.template', 'document', ''), ('gif', 'image/gif', 'image', ''), ('gz', 'application/gz', 'document', ''), ('iff', 'image/iff', 'image', ''), ('jb2', 'image/jb2', 'image', ''), ('jp2', 'image/jp2', 'image', ''), ('jpc', 'image/jpc', 'image', ''), ('jpe', 'image/jpe', 'image', ''), ('jpeg', 'image/jpeg', 'image', ''), ('jpg', 'image/jpg', 'image', ''), ('jpx', 'image/jpx', 'image', ''), ('lzh', 'application/lzh', 'document', ''), ('mdb', 'application/msaccess', 'document', ''), ('mid', 'audio/midi', 'audio', 'WMP'), ('midi', 'audio/midi', 'audio', 'WMP'), ('mov', 'video/quicktime', 'movie', 'QT'), ('mp3', 'audio/mpeg3', 'audio', 'WMP'), ('mpeg', 'video/mpeg', 'movie', 'WMP'), ('mpg', 'video/mpeg', 'movie', 'WMP'), ('odb', 'application/vnd.oasis.opendocument.database', 'document', ''), ('odc', 'application/vnd.oasis.opendocument.chart', 'document', ''), ('odf', 'application/vnd.oasis.opendocument.formula', 'document', ''), ('odg', 'application/vnd.oasis.opendocument.graphics', 'document', ''), ('odi', 'application/vnd.oasis.opendocument.image', 'document', ''), ('odm', 'application/vnd.oasis.opendocument.text-master', 'document', ''), ('odp', 'application/vnd.oasis.opendocument.presentation', 'document', ''), ('ods', 'application/vnd.oasis.opendocument.spreadsheet', 'document', ''), ('odt', 'application/vnd.oasis.opendocument.text', 'document', ''), ('oga', 'audio/ogg', 'audio', 'HTMLA'), ('ogg', 'audio/ogg', 'audio', 'HTMLA'), ('ogv', 'video/ogg', 'movie', 'HTMLV'), ('onepkg', 'application/onenote', 'document', ''), ('onetmp', 'application/onenote', 'document', ''), ('onetoc', 'application/onenote', 'document', ''), ('onetoc2', 'application/onenote', 'document', ''), ('otc', 'application/vnd.oasis.opendocument.chart-template', 'document', ''), ('otf', 'application/vnd.oasis.opendocument.formula-template', 'document', ''), ('otg', 'application/vnd.oasis.opendocument.graphics-template', 'document', ''), ('oth', 'application/vnd.oasis.opendocument.text-web', 'document', ''), ('oti', 'application/vnd.oasis.opendocument.image-template', 'document', ''), ('otp', 'application/vnd.oasis.opendocument.presentation-template', 'document', ''), ('ots', 'application/vnd.oasis.opendocument.spreadsheet-template', 'document', ''), ('ott', 'application/vnd.oasis.opendocument.text-template', 'document', ''), ('pdf', 'application/pdf', 'document', ''), ('png', 'image/png', 'image', ''), ('potm', 'application/vnd.ms-powerpoint.template.macroEnabled.12', 'document', ''), ('potx', 'application/vnd.openxmlformats-officedocument.presentationml.template', 'document', ''), ('ppam', 'application/vnd.ms-powerpoint.addin.macroEnabled.12', 'document', ''), ('pps', 'application/powerpoint', 'document', ''), ('ppsm', 'application/vnd.ms-powerpoint.slideshow.macroEnabled.12', 'document', ''), ('ppsx', 'application/vnd.openxmlformats-officedocument.presentationml.slideshow', 'document', ''), ('ppt', 'application/powerpoint', 'document', ''), ('pptm', 'application/vnd.ms-powerpoint.presentation.macroEnabled.12', 'document', ''), ('pptx', 'application/vnd.openxmlformats-officedocument.presentationml.presentation', 'document', ''), ('psd', 'image/psd', 'image', ''), ('ra', 'audio/x-realaudio', 'document', 'RMP'), ('ram', 'audio/x-pn-realaudio', 'document', 'RMP'), ('rar', 'application/rar', 'document', ''), ('rm', 'audio/x-realmedia', 'document', 'RMP'), ('rpm', 'application/rpm', 'document', ''), ('rtf', 'text/richtext', 'document', ''), ('sldm', 'application/vnd.ms-powerpoint.slide.macroEnabled.12', 'document', ''), ('sldx', 'application/vnd.openxmlformats-officedocument.presentationml.slide', 'document', ''), ('stc', 'application/vnd.sun.xml.calc.template', 'document', ''), ('std', 'application/vnd.sun.xml.draw.template', 'document', ''), ('sti', 'application/vnd.sun.xml.impress.template', 'document', ''), ('stw', 'application/vnd.sun.xml.writer.template', 'document', ''), ('swc', 'image/swc', 'image', ''), ('swf', 'application/x-shockwave-flash', 'movie', 'SWF'), ('sxc', 'application/vnd.sun.xml.calc', 'document', ''), ('sxd', 'application/vnd.sun.xml.draw', 'document', ''), ('sxg', 'application/vnd.sun.xml.writer.global', 'document', ''), ('sxi', 'application/vnd.sun.xml.impress', 'document', ''), ('sxm', 'application/vnd.sun.xml.math', 'document', ''), ('sxw', 'application/vnd.sun.xml.writer', 'document', ''), ('tar', 'application/tar', 'document', ''), ('thmx', 'application/vnd.ms-officetheme', 'document', ''), ('tif', 'image/tif', 'document', ''), ('tiff', 'image/tiff', 'document', ''), ('txt', 'text/plain', 'document', ''), ('wav', 'audio/wav', 'audio', 'WMP'), ('wma', 'audio/x-ms-wma', 'audio', 'WMP'), ('wmv', 'video/x-ms-wmv', 'movie', 'WMP'), ('xlam', 'application/vnd.ms-excel.addin.macroEnabled.12', 'document', ''), ('xls', 'application/excel', 'document', ''), ('xlsb', 'application/vnd.ms-excel.sheet.binary.macroEnabled.12', 'document', ''), ('xlsm', 'application/vnd.ms-excel.sheet.macroEnabled.12', 'document', ''), ('xlsx', 'application/vnd.openxmlformats-officedocument.spreadsheetml.sheet', 'document', ''), ('xltm', 'application/vnd.ms-excel.template.macroEnabled.12', 'document', ''), ('xltx', 'application/vnd.openxmlformats-officedocument.spreadsheetml.template', 'document', ''), ('z', 'application/z', 'document', ''), ('zip', 'application/zip', 'document', '');
DROP TABLE IF EXISTS `cpg15x_hit_stats`;
CREATE TABLE `cpg15x_hit_stats` (   `sid` int(11) NOT NULL AUTO_INCREMENT,   `pid` varchar(100) NOT NULL DEFAULT '',   `ip` varchar(20) NOT NULL DEFAULT '',   `search_phrase` varchar(255) NOT NULL DEFAULT '',   `sdate` bigint(20) NOT NULL DEFAULT '0',   `referer` text NOT NULL,   `browser` varchar(255) NOT NULL DEFAULT '',   `os` varchar(50) NOT NULL DEFAULT '',   `uid` int(11) NOT NULL DEFAULT '0',   PRIMARY KEY (`sid`) ) ENGINE=MyISAM DEFAULT CHARSET=utf8 COMMENT='Detailed stats about hits, only used when enabled';
DROP TABLE IF EXISTS `cpg15x_languages`;
CREATE TABLE `cpg15x_languages` (   `lang_id` varchar(40) NOT NULL DEFAULT '',   `english_name` varchar(70) DEFAULT NULL,   `native_name` varchar(70) DEFAULT NULL,   `custom_name` varchar(70) DEFAULT NULL,   `flag` varchar(15) DEFAULT NULL,   `abbr` varchar(15) NOT NULL DEFAULT '',   `available` enum('YES','NO') NOT NULL DEFAULT 'NO',   `enabled` enum('YES','NO') NOT NULL DEFAULT 'NO',   `complete` enum('YES','NO') NOT NULL DEFAULT 'NO',   PRIMARY KEY (`lang_id`) ) ENGINE=MyISAM DEFAULT CHARSET=utf8 COMMENT='Contains the language file definitions';
INSERT INTO `cpg15x_languages` VALUES ('albanian', 'Albanian', 'Albanian', NULL, 'al', 'al', 'NO', 'NO', 'NO'), ('arabic', 'Arabic', '&#1575;&#1604;&#1593;&#1585;&#1576;&#1610;&#1577;', NULL, 'sa', 'ar', 'YES', 'YES', 'NO'), ('armenian', 'Armenian', '', NULL, '', '', 'NO', 'NO', 'NO'), ('azerbaijani', 'Azerbaijani', '', NULL, 'az', '', 'NO', 'NO', 'NO'), ('basque', 'Basque', 'Euskera', NULL, 'basque', '', 'NO', 'NO', 'NO'), ('bosnian', 'Bosnian', 'Bosanski', NULL, 'ba', '', 'NO', 'NO', 'NO'), ('brazilian_portuguese', 'Portuguese (Brazilian)', 'Portugu&ecirc;s Brasileiro', NULL, 'br', '', 'YES', 'YES', 'NO'), ('bulgarian', 'Bulgarian', '&#1041;&#1098;&#1083;&#1075;&#1072;&#1088;&#1089;&#1082;&#1080;', NULL, 'bg', '', 'YES', 'YES', 'NO'), ('byelorussian', 'Byelorussian', '', NULL, 'by', '', 'NO', 'NO', 'NO'), ('catalan', 'Catalan', 'Catal&agrave;', NULL, 'catalonia', '', 'YES', 'NO', 'NO'), ('chinese_big5', 'Chinese traditional', '&#20013;&#25991; - &#32321;&#39636;', NULL, 'tw', 'cn', 'NO', 'NO', 'NO'), ('chinese_gb', 'Chinese simplified', '&#20013;&#25991; - &#31616;&#20307;', NULL, 'cn', 'cn', 'YES', 'YES', 'NO'), ('croatian', 'Croatian', 'Hrvatski', NULL, 'hr', '', 'NO', 'NO', 'NO'), ('czech', 'Czech', '&#x010C;esky', NULL, 'cz', 'cz', 'YES', 'YES', 'NO'), ('danish', 'Danish', 'Dansk', NULL, 'dk', 'dk', 'YES', 'YES', 'NO'), ('dutch', 'Dutch', 'Nederlands', NULL, 'nl', 'nl', 'YES', 'NO', 'NO'), ('english', 'English (US)', 'English (US)', NULL, 'us', 'en', 'YES', 'YES', 'YES'), ('english_gb', 'English (British)', 'English (British)', NULL, 'gb', 'en', 'YES', 'YES', 'NO'), ('estonian', 'Estonian', 'Eesti', NULL, 'ee', 'ee', 'YES', 'YES', 'YES'), ('filipino', 'Filipino Tagalog', '', NULL, 'ph', '', 'NO', 'NO', 'NO'), ('finnish', 'Finnish', 'Suomea', NULL, 'fi', '', 'YES', 'YES', 'YES'), ('french', 'French', 'Fran&ccedil;ais', NULL, 'fr', 'fr', 'YES', 'YES', 'YES'), ('galician', 'Galician', 'Galego', NULL, 'galician', '', 'NO', 'NO', 'NO'), ('georgian', 'Georgian', '&#4325;&#4304;&#4320;&#4311;&#4323;&#4314;&#4312;', NULL, 'ge', '', 'NO', 'NO', 'NO'), ('german', 'German (informal)', 'Deutsch (Du)', NULL, 'de', 'de', 'YES', 'YES', 'YES'), ('german_formal', 'German (formal)', 'Deutsch (Sie)', NULL, 'de', 'de', 'YES', 'YES', 'YES'), ('greek', 'Greek', '&#917;&#955;&#955;&#951;&#957;&#953;&#954;&#940;', NULL, 'gr', 'gr', 'YES', 'YES', 'YES'), ('hebrew', 'Hebrew', '&#1506;&#1489;&#1512;&#1497;&#1514;', NULL, 'il', '', 'NO', 'NO', 'NO'), ('hindi', 'Hindi', '&#2361;&#2367;&#2344;&#2381;&#2342;&#2368;', NULL, 'in', '', 'NO', 'NO', 'NO'), ('hungarian', 'Hungarian', 'Magyarul', NULL, 'hu', '', 'YES', 'YES', 'NO'), ('icelandic', 'Icelandic', '', NULL, 'is', '', 'YES', 'YES', 'NO'), ('indonesian', 'Indonesian', 'Bahasa Indonesia', NULL, 'id', '', 'NO', 'NO', 'NO'), ('italian', 'Italian', 'Italiano', NULL, 'it', 'it', 'YES', 'YES', 'YES'), ('japanese', 'Japanese', '&#26085;&#26412;&#35486;', NULL, 'jp', 'jp', 'YES', 'YES', 'YES'), ('kazakh', 'Kazakh', '', NULL, 'kz', '', 'NO', 'NO', 'NO'), ('korean', 'Korean', '&#54620;&#44397;&#50612;', NULL, 'kr', '', 'NO', 'NO', 'NO'), ('kurdish', 'Kurdish', '&#1603;&#1608;&#1585;&#1583;&#1740;', NULL, 'kurdish', '', 'NO', 'NO', 'NO'), ('kyrgyz', 'Kyrgyz', '', NULL, 'kg', '', 'NO', 'NO', 'NO'), ('laothian', 'Laothian ', '', NULL, 'la', '', 'NO', 'NO', 'NO'), ('latvian', 'Latvian', 'Latvian', NULL, 'lv', '', 'NO', 'NO', 'NO'), ('lithuanian', 'Lithuanian', 'Letzeburgisch', NULL, 'lu', '', 'NO', 'NO', 'NO'), ('luxembourgish', 'Luxembourgish', 'Lietuvi&#0353;kai', NULL, 'lt', '', 'YES', 'YES', 'NO'), ('macedonian', 'Macedonian', '&#1052;&#1072;&#1082;&#1077;&#1076;&#1086;&#1085;&#1089;&#1082;&#1080;', NULL, 'mk', '', 'NO', 'NO', 'NO'), ('malay', 'Malay', 'Bahasa Melayu', NULL, 'my', '', 'NO', 'NO', 'NO'), ('maltese', 'Maltese', '', NULL, 'mt', '', 'NO', 'NO', 'NO'), ('mongolian', 'Mongolian', '', NULL, 'mn', '', 'NO', 'NO', 'NO'), ('nepali', 'Nepali', '', NULL, 'np', '', 'NO', 'NO', 'NO'), ('norwegian', 'Norwegian', 'Norsk', NULL, 'no', 'no', 'YES', 'YES', 'NO'), ('persian', 'Persian', '&#1601;&#1575;&#1585;&#1587;&#1740;', NULL, 'ir', '', 'NO', 'NO', 'NO'), ('polish', 'Polish', 'Polski', NULL, 'pl', 'pl', 'YES', 'YES', 'YES'), ('portuguese', 'Portuguese (Portugal)', 'Portugu&ecirc;s', NULL, 'pt', '', 'YES', 'YES', 'NO'), ('romanian', 'Romanian', 'Rom&acirc;n&atilde;', NULL, 'ro', '', 'NO', 'NO', 'NO'), ('russian', 'Russian', '&#1056;&#1091;&#1089;&#1089;&#1082;&#1080;&#1081;', NULL, 'ru', 'ru', 'YES', 'YES', 'YES'), ('serbian', 'Serbian', 'Srpski', NULL, 'rs', '', 'YES', 'YES', 'YES'), ('slovak', 'Slovak', 'Slovensky', NULL, 'sk', '', 'YES', 'YES', 'NO'), ('slovenian', 'Slovenian', 'Slovensko', NULL, 'si', '', 'YES', 'YES', 'NO'), ('spanish', 'Spanish', 'Espa&ntilde;ol', NULL, 'es', 'es', 'YES', 'YES', 'YES'), ('spanish_mx', 'Mexican Spanish', 'Espa&ntilde;ol mexicano', NULL, 'mx', 'mx', 'YES', 'YES', 'NO'), ('swedish', 'Swedish', 'Svenska', NULL, 'se', '', 'YES', 'YES', 'NO'), ('thai', 'Thai', '&#3652;&#3607;&#3618;', NULL, 'th', '', 'NO', 'NO', 'NO'), ('tigrinya', 'Tigrinya', '', NULL, 'er', '', 'NO', 'NO', 'NO'), ('turkish', 'Turkish', 'T&uuml;rk&ccedil;e', NULL, 'tr', '', 'YES', 'YES', 'NO'), ('twi', 'Twi', '', NULL, 'gh', '', 'NO', 'NO', 'NO'), ('uighur', 'Uighur', 'Uighur', NULL, 'uighur', '', 'NO', 'NO', 'NO'), ('ukrainian', 'Ukrainian', '&#1059;&#1082;&#1088;&#1072;&#1111;&#1085;&#1089;&#1100;&#1082;&#1072;', NULL, 'ua', '', 'YES', 'YES', 'YES'), ('uzbek', 'Uzbek', '', NULL, 'uz', '', 'NO', 'NO', 'NO'), ('vietnamese', 'Vietnamese', 'Tieng Viet', NULL, 'vn', '', 'NO', 'NO', 'NO'), ('welsh', 'Welsh', 'Cymraeg', NULL, 'wales', '', 'NO', 'NO', 'NO');
DROP TABLE IF EXISTS `cpg15x_pictures`;
CREATE TABLE `cpg15x_pictures` (   `pid` int(11) NOT NULL AUTO_INCREMENT,   `aid` int(11) NOT NULL DEFAULT '0',   `filepath` varchar(255) NOT NULL DEFAULT '',   `filename` varchar(255) NOT NULL DEFAULT '',   `filesize` int(11) NOT NULL DEFAULT '0',   `total_filesize` int(11) NOT NULL DEFAULT '0',   `pwidth` smallint(6) NOT NULL DEFAULT '0',   `pheight` smallint(6) NOT NULL DEFAULT '0',   `hits` int(10) NOT NULL DEFAULT '0',   `mtime` datetime NOT NULL DEFAULT '0000-00-00 00:00:00',   `ctime` int(11) NOT NULL DEFAULT '0',   `owner_id` int(11) NOT NULL DEFAULT '0',   `pic_rating` int(11) NOT NULL DEFAULT '0',   `votes` int(11) NOT NULL DEFAULT '0',   `title` varchar(255) NOT NULL DEFAULT '',   `caption` text NOT NULL,   `keywords` varchar(255) NOT NULL DEFAULT '',   `approved` enum('YES','NO') NOT NULL DEFAULT 'NO',   `galleryicon` int(11) NOT NULL DEFAULT '0',   `user1` varchar(255) NOT NULL DEFAULT '',   `user2` varchar(255) NOT NULL DEFAULT '',   `user3` varchar(255) NOT NULL DEFAULT '',   `user4` varchar(255) NOT NULL DEFAULT '',   `url_prefix` tinyint(4) NOT NULL DEFAULT '0',   `pic_raw_ip` tinytext,   `pic_hdr_ip` tinytext,   `lasthit_ip` tinytext,   `position` int(11) NOT NULL DEFAULT '0',   `guest_token` varchar(32) DEFAULT '',   PRIMARY KEY (`pid`),   KEY `owner_id` (`owner_id`),   KEY `pic_hits` (`hits`),   KEY `pic_rate` (`pic_rating`),   KEY `aid_approved` (`aid`,`approved`),   KEY `pic_aid` (`aid`,`pid`) ) ENGINE=MyISAM AUTO_INCREMENT=2 DEFAULT CHARSET=utf8 COMMENT='Used to store data about individual pics';
DROP TABLE IF EXISTS `cpg15x_plugins`;
CREATE TABLE `cpg15x_plugins` (   `plugin_id` int(10) unsigned NOT NULL AUTO_INCREMENT,   `name` varchar(64) NOT NULL DEFAULT '',   `path` varchar(128) NOT NULL DEFAULT '',   `priority` int(10) unsigned NOT NULL DEFAULT '0',   PRIMARY KEY (`plugin_id`),   UNIQUE KEY `name` (`name`),   UNIQUE KEY `path` (`path`) ) ENGINE=MyISAM DEFAULT CHARSET=utf8 COMMENT='Stores the plugins';
DROP TABLE IF EXISTS `cpg15x_sessions`;
CREATE TABLE `cpg15x_sessions` (   `session_id` char(32) NOT NULL DEFAULT '',   `user_id` int(11) DEFAULT '0',   `time` int(11) DEFAULT NULL,   `remember` int(1) DEFAULT '0',   PRIMARY KEY (`session_id`) ) ENGINE=MyISAM DEFAULT CHARSET=utf8 COMMENT='Used to store sessions';
INSERT INTO `cpg15x_sessions` VALUES ('64ae3868fc604a355586681ce5df414d', '1', '1352632909', '0'), ('e77d2b4812d339b33475398b6f8e8902', '0', '1352633252', '0');
DROP TABLE IF EXISTS `cpg15x_temp_messages`;
CREATE TABLE `cpg15x_temp_messages` (   `message_id` varchar(80) NOT NULL DEFAULT '',   `user_id` int(11) DEFAULT '0',   `time` int(11) DEFAULT NULL,   `message` text NOT NULL,   PRIMARY KEY (`message_id`) ) ENGINE=MyISAM DEFAULT CHARSET=utf8 COMMENT='Used to store messages from one page to the other';
DROP TABLE IF EXISTS `cpg15x_usergroups`;
CREATE TABLE `cpg15x_usergroups` (   `group_id` int(11) NOT NULL AUTO_INCREMENT,   `group_name` varchar(255) NOT NULL DEFAULT '',   `group_quota` int(11) NOT NULL DEFAULT '0',   `has_admin_access` tinyint(4) NOT NULL DEFAULT '0',   `can_rate_pictures` tinyint(4) NOT NULL DEFAULT '0',   `can_send_ecards` tinyint(4) NOT NULL DEFAULT '0',   `can_post_comments` tinyint(4) NOT NULL DEFAULT '0',   `can_upload_pictures` tinyint(4) NOT NULL DEFAULT '0',   `can_create_albums` tinyint(4) NOT NULL DEFAULT '0',   `pub_upl_need_approval` tinyint(4) NOT NULL DEFAULT '1',   `priv_upl_need_approval` tinyint(4) NOT NULL DEFAULT '1',   `access_level` tinyint(4) NOT NULL DEFAULT '3',   PRIMARY KEY (`group_id`) ) ENGINE=MyISAM AUTO_INCREMENT=4 DEFAULT CHARSET=utf8;
INSERT INTO `cpg15x_usergroups` VALUES ('1', 'Administrators', '0', '1', '1', '1', '1', '1', '1', '0', '0', '3'), ('2', 'Registered', '1024', '0', '1', '1', '1', '1', '1', '1', '0', '3'), ('3', 'Guests', '0', '0', '1', '0', '0', '0', '0', '1', '1', '3');
DROP TABLE IF EXISTS `cpg15x_users`;
CREATE TABLE `cpg15x_users` (   `user_id` int(11) NOT NULL AUTO_INCREMENT,   `user_group` int(11) NOT NULL DEFAULT '2',   `user_active` enum('YES','NO') NOT NULL DEFAULT 'NO',   `user_name` varchar(25) NOT NULL DEFAULT '',   `user_password` varchar(40) NOT NULL DEFAULT '',   `user_lastvisit` datetime NOT NULL DEFAULT '0000-00-00 00:00:00',   `user_regdate` datetime NOT NULL DEFAULT '0000-00-00 00:00:00',   `user_group_list` varchar(255) NOT NULL DEFAULT '',   `user_email` varchar(255) NOT NULL DEFAULT '',   `user_email_valid` enum('YES','') NOT NULL DEFAULT '',   `user_profile1` varchar(255) NOT NULL DEFAULT '',   `user_profile2` varchar(255) NOT NULL DEFAULT '',   `user_profile3` varchar(255) NOT NULL DEFAULT '',   `user_profile4` varchar(255) NOT NULL DEFAULT '',   `user_profile5` varchar(255) NOT NULL DEFAULT '',   `user_profile6` text NOT NULL,   `user_actkey` varchar(32) NOT NULL DEFAULT '',   `user_language` varchar(40) NOT NULL DEFAULT '',   PRIMARY KEY (`user_id`),   UNIQUE KEY `user_name` (`user_name`),   KEY `user_group` (`user_group`) ) ENGINE=MyISAM AUTO_INCREMENT=2 DEFAULT CHARSET=utf8 COMMENT='Used to store users, not used when bridged';
INSERT INTO `cpg15x_users` VALUES ('1', '1', 'YES', 'aqua', '4ee7863c43a4f478fcb498103f023228', '2012-11-11 06:22:08', '2012-09-14 00:01:29', '', 'lechenapan@gmail.com', '', '', '', '', '', '', '', '', 'french');
DROP TABLE IF EXISTS `cpg15x_vote_stats`;
CREATE TABLE `cpg15x_vote_stats` (   `sid` int(11) NOT NULL AUTO_INCREMENT,   `pid` varchar(100) NOT NULL DEFAULT '',   `rating` smallint(6) NOT NULL DEFAULT '0',   `ip` varchar(20) NOT NULL DEFAULT '',   `sdate` bigint(20) NOT NULL DEFAULT '0',   `referer` text NOT NULL,   `browser` varchar(255) NOT NULL DEFAULT '',   `os` varchar(50) NOT NULL DEFAULT '',   `uid` int(11) NOT NULL DEFAULT '0',   PRIMARY KEY (`sid`) ) ENGINE=MyISAM DEFAULT CHARSET=utf8 COMMENT='Detailed stats about votes, only used when enabled';
DROP TABLE IF EXISTS `cpg15x_votes`;
CREATE TABLE `cpg15x_votes` (   `pic_id` mediumint(9) NOT NULL DEFAULT '0',   `user_md5_id` varchar(32) NOT NULL DEFAULT '',   `vote_time` int(11) NOT NULL DEFAULT '0',   PRIMARY KEY (`pic_id`,`user_md5_id`) ) ENGINE=MyISAM DEFAULT CHARSET=utf8 COMMENT='Stores votes for individual pics';
